stoichiometry,U_R3m_V,U_C2m_V,U_fraction_weighted_V
0.01,4.586722862089477,4.515707408025857,4.539379226044696
0.011636060100166944,4.5763703420306605,4.493736332880135,4.521281002594223
0.01327212020033389,4.566017821971844,4.471765257737519,4.503182779145819
0.014908180300500834,4.555665301913026,4.449794182602166,4.485084555702257
0.01654424040066778,4.545312781854209,4.427823107483545,4.46698633226985
0.018180300500834724,4.534960261795392,4.405852032402965,4.448888108862804
0.01981636060100167,4.524607741736576,4.383880957407508,4.430789885512507
0.021452420701168616,4.514255221677759,4.361909882599431,4.412691662287129
0.02308848080133556,4.503902701618943,4.339938808197655,4.394593439332619
0.0247245409015025,4.493550181560126,4.317967734665336,4.376495216957746
0.026360601001669447,4.4831976615013085,4.2959966629631205,4.358396995802943
0.027996661101836393,4.472845141442491,4.274025595051739,4.340298777175363
0.02963272120200334,4.462492621383674,4.252054534874274,4.322200563703726
0.031268781302170284,4.452140101324858,4.230083490268368,4.304102360613129
0.03290484140233723,4.44178758126604,4.2081124764904505,4.286004178074525
0.03454090150250417,4.431435061207224,4.186141522781984,4.267906035582221
0.036176961602671115,4.421082541148407,4.164170684350829,4.2498079699414575
0.03781302170283806,4.410730021089591,4.1422000642313,4.23171004984178
0.03944908180300501,4.400377501030774,4.120229850479489,4.213612400653912
0.04108514190317195,4.3900249809719565,4.098260381296122,4.195515247845008
0.0427212020033389,4.37967246091314,4.07629225550742,4.177418990632548
0.044357262103505844,4.369319940854323,4.054326520999004,4.159324327606944
0.04599332220367279,4.358967420795506,4.032364968097282,4.141232452319136
0.04762938230383973,4.348614900736689,4.010410610848797,4.123145374133488
0.049265442404006675,4.338262380677873,3.988468437889902,4.105066418807565
0.05090150250417362,4.327909860619055,3.96654658470384,4.087001009996866
0.05253756260434057,4.3175573405602385,3.9446579891051448,4.068957772911079
0.05417362270450751,4.307204820501422,3.9228227971751943,4.050950138271125
0.05580968280467446,4.296852300442609,3.9010716686658444,4.032998545911574
0.0574457429048414,4.286499780383799,3.8794499164053424,4.015133204384593
0.05908180300500834,4.276147260325005,3.85802220149665,3.9973972210921644
0.06071786310517529,4.2657947402662515,3.836876790462561,3.9798494403828273
0.062353923205342235,4.255442220207612,3.8161273610112523,3.9625656473953947
0.06398998330550917,4.245089700149291,3.7959131064990146,3.945638637700801
0.06562604340567613,4.23473718009182,3.776385607880953,3.9291694652692972
0.06726210350584307,4.224384660036593,3.757698378982003,3.9132604726513103
0.06889816360601,4.214032139987161,3.739983111704824,3.897999454449802
0.07053422370617696,4.20367961995248,3.723334436797067,3.88344949783286
0.0721702838063439,4.193327099954735,3.707801844507696,3.869643596307192
0.07380634390651084,4.182974580047013,3.6933846183731447,3.8565812722481145
0.07544240400667779,4.172622060354522,3.680043474077374,3.8442363361533376
0.07707846410684473,4.1622695411662685,3.667717885436181,3.832568437329725
0.07871452420701168,4.151917023152198,3.656324055732532,3.8215217115225677
0.08035058430717862,4.141564507783599,3.645777043204737,3.811039531381165
0.08198664440734557,4.13121199826938,3.635996957197091,3.8010686375380134
0.08362270450751251,4.12085950144791,3.6268976356106215,3.7915515908732527
0.08525876460767945,4.11050703181924,3.6184084963319196,3.7824413414779565
0.0868948247078464,4.100154619133376,3.610465146389691,3.7736949706212632
0.08853088480801334,4.089802322879107,3.6030081732182,3.7652728897556096
0.0901669449081803,4.079450260149831,3.5959899486705686,3.7571433858142074
0.09180300500834723,4.069098657524047,3.5893642425568957,3.7492757141966218
0.09343906510851419,4.058747949900814,3.5830871372178885,3.7416407414296753
0.09507512520868112,4.048398930790769,3.577135038427102,3.7342230025326155
0.09671118530884806,4.038053039606874,3.5714695816837048,3.726997400975875
0.09834724540901502,4.027712820998888,3.5660663073008045,3.719948478518111
0.09998330550918196,4.017382776098014,3.560902263656934,3.7130624344554115
0.10161936560934891,4.007070386306485,3.55595579714491,3.7063273268503982
0.10325542570951585,3.996787920421243,3.551212984488122,3.6997379631176432
0.10489148580968279,3.9865548558434267,3.546654480510893,3.693287938940408
0.10652754590984974,3.9764020060778096,3.5422656157774193,3.686977745863078
0.10816360601001668,3.9663724620461736,3.5380337178131405,3.680813299209874
0.10979966611018363,3.956527157529642,3.533950989989104,3.674809712488531
0.11143572621035057,3.9469420839464133,3.530002310650728,3.668982235068725
0.11307178631051752,3.9377079104197343,3.526179584662189,3.66335569323432
0.11470784641068446,3.9289114984715776,3.5224751041020115,3.6579539022116525
0.1163439065108514,3.9206324823001,3.5188815410636476,3.652798521462407
0.11797996661101835,3.9129177636768517,3.5153919392991604,3.647900547411807
0.11961602671118529,3.9057922556618645,3.5119997048988667,3.643263888473406
0.12125208681135224,3.8992503127193516,3.5086985961835366,3.6388825016824566
0.12288814691151918,3.8932474322817496,3.5054827129697967,3.634737619394189
0.12452420701168614,3.8877542363507325,3.5023464853539092,3.6308157356733366
0.12616026711185307,3.8827141597336916,3.4992917631082565,3.627099228637288
0.12779632721202003,3.878082749771587,3.496307817944581,3.6235661285408574
0.12943238731218698,3.873800599957067,3.4933894635142906,3.6201931756492023
0.1310684474123539,3.869836563975792,3.4905422115311726,3.616973662333403
0.13270450751252086,3.8661532982113997,3.487752843122053,3.613886328139222
0.1343405676126878,3.862712219506205,3.4850250034681487,3.6109207421349114
0.13597662771285476,3.859493286229918,3.4823513866664033,3.6080653531750038
0.1376126878130217,3.856468794614743,3.4797335465085433,3.6053119625313856
0.13924874791318864,3.8536083682910376,3.4771636200166887,3.6026452027622566
0.1408848080133556,3.8509103758903884,3.4746470902757176,3.600068185468066
0.14252086811352255,3.848341613841739,3.472173615825481,3.5975629484850282
0.14415692821368947,3.8459092758636206,3.4697466636147856,3.595134201018525
0.14579298831385643,3.8435829050119037,3.4673633729564193,3.5927698836290403
0.14742904841402338,3.841355608534459,3.465018842014934,3.590464430842231
0.1490651085141903,3.839230221198532,3.4627147169214454,3.588219885001257
0.15070116861435726,3.8371904439393942,3.4604504353633407,3.586030438209468
0.1523372287145242,3.83522804747718,3.458221052315835,3.5838900506903832
0.15397328881469116,3.8333375982092317,3.456025535241011,3.5817962228845075
0.1556093489148581,3.8315139643187393,3.4538641250940185,3.579747404823004
0.15724540901502504,3.829752309870205,3.4517375809517454,3.5777424905786317
0.158881469115192,3.8280480875525655,3.449641542067337,3.575777057216466
0.16051752921535892,3.8263970303246486,3.447575105368956,3.5738490803415592
0.16215358931552587,3.8247951421929813,3.4455373936564673,3.571956643155997
0.16378964941569282,3.8232386883277556,3.443527554982717,3.5700979327517395
0.16542570951585978,3.8217297379668507,3.4415447620447557,3.568273087339448
0.1670617696160267,3.8202644957235083,3.4395885496460923,3.5664805316592085
0.16869782971619365,3.8188359113332324,3.4376591065713,3.564718041479238
0.1703338898163606,3.817441048102643,3.4357540551523127,3.5629830527896997
0.17196994991652753,3.8160771858044766,3.433872674923058,3.5612741785374573
0.17360601001669448,3.8147533001352514,3.4320142667623044,3.559593944540529
0.17524207011686144,3.813459451697871,3.4301781523563473,3.5579385854574124
0.1768781302170284,3.812190021035406,3.4283636736722936,3.5563057894472037
0.17851419031719531,3.8109474424662757,3.4265701924419485,3.5546959424372453
0.18015025041736227,3.809738464376333,3.424797089656284,3.5531108812168024
0.18178631051752922,3.808548332379207,3.4230437650704557,3.5515452874938562
0.18342237061769615,3.8073803451770987,3.4213096367193203,3.5499998728590443
0.1850584307178631,3.8062423365193205,3.4195941404433934,3.5484768724558142
0.18669449081803005,3.8051185057383834,3.4178967294251827,3.5469706548500093
0.18833055091819698,3.804018926750103,3.4162168737358036,3.5454842247276437
0.18996661101836393,3.802939998792366,3.4145545231569523,3.544016348355811
0.19160267111853088,3.8018724618830864,3.4129098595300245,3.5425640603014132
0.19323873121869783,3.8008345242052557,3.411281408527764,3.541132447073943
0.19487479131886476,3.7998045805598926,3.409668694232431,3.539713989661914
0.1965108514190317,3.798797097497091,3.4080712557875543,3.5383132030110427
0.19814691151919867,3.7978024247860067,3.406488646996196,3.5369265729130897
0.1997829716193656,3.796823064365922,3.4049204359288456,3.535554645394808
0.20141903171953254,3.7958605194146733,3.4033662045408026,3.5341976428190103
0.2030550918196995,3.794908082426416,3.401825548298911,3.5328530596616434
0.20469115191986645,3.7939747663161874,3.4002994365234813,3.531524546441261
0.20632721202003337,3.79304810363503,3.3987876209528065,3.530207781833739
0.20796327212020033,3.7921413469015337,3.39728832339647,3.5289059978849964
0.20959933222036728,3.791239357427173,3.3958011828020704,3.5276139076639232
0.2112353923205342,3.7903567059363414,3.3943258501252753,3.5263361353824294
0.21287145242070116,3.7894783345817733,3.392861988002803,3.5250674368492394
0.2145075125208681,3.7886175360861,3.3914113396907903,3.5238134051426537
0.21614357262103506,3.7877617718202075,3.389972893208638,3.522569186065902
0.217779632721202,3.786920763193209,3.388545013656079,3.5213369301551767
0.21941569282136894,3.7860866371394017,3.3871274014401527,3.5201138133266037
0.2210517529215359,3.785263532280388,3.38571976733094,3.5189010223007715
0.22268781302170282,3.7844501158729695,3.384324645643536,3.5176998023733432
0.22432387312186977,3.78364319427,3.382939958138445,3.5165077035022736
0.22595993322203672,3.782849597469358,3.3815644554341455,3.515326169432507
0.22759599332220368,3.7820572934047934,3.3801978819554144,3.514151019091812
0.2292320534223706,3.7812826629720093,3.3788417730470766,3.512988736341973
0.23086811352253755,3.780508032539225,3.3774964082830152,3.5118336163549846
0.2325041736227045,3.7797470731833642,3.3761592565573273,3.5106885287525538
0.23414023372287143,3.7789905910143973,3.374830093077616,3.5095502590430714
0.23577629382303839,3.7782407574920853,3.373510868808267,3.5084208316893823
0.23741235392320534,3.7775016390113225,3.3722013179132713,3.5073014249324452
0.2390484140233723,3.7767625205305597,3.3708991099190477,3.50618691344269
0.24068447412353922,3.7760392959536313,3.369604048173867,3.5050824640869074
0.24232053422370617,3.775316788566266,3.3683196881280772,3.503985388260574
0.24395659432387312,3.774601827914345,3.3670427736858533,3.502895791748432
0.24559265442404005,3.7738952095167893,3.365772425197555,3.5018133532903626
0.247228714524207,3.773188591119233,3.3645102357431944,3.5007363541882515
0.24886477462437395,3.772496215897137,3.363257056677445,3.4996701097370346
0.2505008347245409,3.771804793444438,3.362009905965416,3.4986082017780973
0.2521368948247078,3.7711183675284823,3.3607690626806725,3.497552164282931
0.2537729549248748,3.770441475657544,3.359538158892858,3.496505931134057
0.2554090150250417,3.769764583786605,3.3583127861163775,3.4954633853260724
0.25704507512520863,3.7690973431394252,3.3570928064223438,3.494427651980971
0.2586811352253756,3.768434342846656,3.3558824959230082,3.4933997782171393
0.26031719532554254,3.7677713425538872,3.3546775716271364,3.492375495255617
0.2619532554257095,3.767121488980645,3.353477596047363,3.4913588936780022
0.26358931552587644,3.766471766352566,3.352286687455767,3.4903483804075606
0.26522537562604337,3.765824965062958,3.351100967593052,3.4893423000691968
0.26686143572621035,3.7651879300581794,3.3499197869416735,3.4883425013
0.2684974958263773,3.764550895053401,3.3487475463669742,3.4873486625819234
0.27013355592654426,3.7639188947711384,3.3475798675824464,3.486359543298133
0.2717696160267112,3.7632939800520595,3.346416693177677,3.4853757887885752
0.2734056761268781,3.7626690653329806,3.3452620683711003,3.484397734011147
0.2750417362270451,3.7620504696978716,3.344111343538337,3.4834243855775844
0.276677796327212,3.761437129510396,3.3429657799870314,3.482456229814204
0.27831385642737894,3.7608237893229206,3.3418274222059416,3.481492877897635
0.2799499165275459,3.7602173256363747,3.340692636202353,3.480534199333043
0.28158597662771284,3.759615034735903,3.3395640064001886,3.479581015831425
0.28322203672787977,3.7590127438354317,3.3384409403264637,3.478631541482101
0.28485809682804675,3.758417254707808,3.337321146036298,3.477686515579432
0.2864941569282137,3.7578255073297444,3.3362087939077947,3.476747698367724
0.2881302170283806,3.757233759951681,3.3351001100836455,3.475811326692253
0.2897662771285476,3.7566481954853863,3.3339956570850906,3.4748798365377676
0.2914023372287145,3.756066504358389,3.332897714204831,3.4739539775752446
0.29303839732888143,3.755484813231391,3.331802565364975,3.4730299813063246
0.2946744574290484,3.7549082237098763,3.3307134433714936,3.4721117034701483
0.29631051752921533,3.754336119110083,3.32962848106985,3.471197693735771
0.2979465776293823,3.7537640145102893,3.32854679565396,3.470285868591896
0.29958263772954924,3.7531955435640993,3.3274716802668385,3.469379634685068
0.30121869782971616,3.752632572408573,3.326398942671689,3.468476819236443
0.30285475792988314,3.752069601253047,3.32533168392607,3.467577656354171
0.30449081803005007,3.7515084794751687,3.3242682893679625,3.4666816860561234
0.306126878130217,3.750954204452822,3.323208025108481,3.46579008487567
0.307762938230384,3.750399929430475,3.322153661456002,3.4649024174332186
0.3093989983305509,3.7498456544081282,3.3211013154761906,3.4640160951058783
0.3110350584307178,3.749299467152613,3.3200546131041793,3.4631362311060157
0.3126711185308848,3.748753465890894,3.319010840505492,3.4622583822863016
0.31430717863105173,3.748207464629175,3.317970709635609,3.46138296128579
0.31594323873121866,3.7476669169311356,3.316935223555523,3.46051245466637
0.31757929883138564,3.7471287811967953,3.3159015272156167,3.4596439451949683
0.31921535893155256,3.7465906454624553,3.3148740493948097,3.4587795814029683
0.32085141903171954,3.7460552079668417,3.313848143581556,3.4579171650289116
0.32248747913188647,3.7455245428991253,3.3128269130770702,3.4570594563366654
0.3241235392320534,3.7449938778314094,3.3118086151153263,3.456203702672915
0.3257595993322204,3.7444632127636934,3.310793419650537,3.455350017340467
0.3273956594323873,3.743939509222726,3.3097824738016253,3.454501485594187
0.3290317195325542,3.7434159325973733,3.308773183874443,3.453654100100932
0.3306677796327212,3.74289235597202,3.30776934207526,3.45281034669301
0.33230383973288813,3.7423725231376763,3.3067667119423185,3.4519686489929176
0.33393989983305505,3.7418556646601497,3.30576885157771,3.4511311225906542
0.33557595993322203,3.7413388061826236,3.3047729758402533,3.450294919273158
0.33721202003338896,3.740822506792456,3.303780642893263,3.449461264178426
0.3388480801335559,3.740312007418865,3.3027912935363273,3.4486315314825893
0.34048414023372287,3.7398015080452733,3.301804365291591,3.447803412861552
0.3421202003338898,3.739291008671682,3.300821321139101,3.4469778836353457
0.34375626043405677,3.7387839675702197,3.2998396764765903,3.4461544401598356
0.3453923205342237,3.7382794788544307,3.2988627229854632,3.445334974927139
0.3470283806343906,3.7377749901386417,3.2978866060728533,3.444516067413453
0.3486644407345576,3.7372706202223864,3.2969151714008174,3.4437003209933286
0.3503005008347245,3.7367718036878763,3.2959448517314445,3.4428871690355614
0.35193656093489145,3.736272987153366,3.2949783464650437,3.4420765600131085
0.35357262103505843,3.735774170618856,3.2940136267688227,3.4412671413707754
0.35520868113522536,3.7352776308388886,3.29305193578406,3.4404605007875957
0.3568447412353923,3.7347841573739124,3.292092624688121,3.439656468901962
0.35848080133555926,3.734290683908936,3.2911356342668285,3.4388539841327592
0.3601168614357262,3.7337972104439596,3.2901815461138746,3.438053434209116
0.3617529215358931,3.7333077167970754,3.2892291439076473,3.4372553348559878
0.3633889816360601,3.7328192660717803,3.288280098578872,3.4364598210616903
0.365025041736227,3.7323308153464856,3.2873321735735783,3.4356650541497142
0.36666110183639394,3.731842935740477,3.2863879963160034,3.434872976109313
0.3682971619365609,3.731359195644627,3.2854444387968553,3.4340826910645825
0.36993322203672785,3.730875455548777,3.284504960054957,3.433295125204685
0.37156928213689483,3.7303917154529267,3.2835658634888474,3.4325078141286465
0.37320534223706175,3.72990980116107,3.282630716823627,3.431723744921199
0.3748414023372287,3.7294304672610794,3.281696100622625,3.4309408894871853
0.37647746243739566,3.7289511333610887,3.280764999754078,3.4301603776081424
0.3781135225375626,3.7284717994610985,3.279834707820799,3.4293804050192778
0.3797495826377295,3.7279952326213266,3.278907547892946,3.428603442787437
0.3813856427378965,3.7275200076353525,3.277981428726641,3.427827621681227
0.3830217028380634,3.727044782649378,3.2770581060161166,3.427053664878871
0.38465776293823034,3.726569557663404,3.2761360125633807,3.4262805275817074
0.3862938230383973,3.726097769660685,3.2752164244475765,3.4255102061702507
0.38792988313856425,3.7256263629505484,3.2742982139566155,3.4247409302728826
0.38956594323873117,3.725154956240412,3.273382258882281,3.423973157986599
0.39120200333889815,3.724683889795071,3.2724677927606294,3.4232064917570364
0.3928380634390651,3.724216016873826,3.2715553702129263,3.4224422524181377
0.39447412353923206,3.7237481439525806,3.2706445138885063,3.4216790572280944
0.396110183639399,3.7232802710313355,3.269735524360499,3.420917106568993
0.3977462437395659,3.7228132564722243,3.268828147145906,3.4201565169062125
0.3993823038397329,3.722348638526216,3.2679224921084757,3.4193978742325752
0.4010183639398998,3.721884020580208,3.267018467068389,3.4186403182238334
0.40265442404006674,3.7214194026342,3.2661160489405594,3.4178838334899297
0.4042904841402337,3.7209559899864244,3.265215252762166,3.4171288318217274
0.40592654424040064,3.7204943534107198,3.26431597488183,3.4163754343762536
0.40756260434056757,3.7200327168350147,3.263418287748166,3.4156230974285617
0.40919866444073455,3.71957108025931,3.262522054343197,3.414871729633333
0.4108347245409015,3.7191108539785804,3.261627359809303,3.4141218578504793
0.4124707846410684,3.71865192992467,3.260734075969042,3.4133733606056547
0.4141068447412354,3.71819300587076,3.259842260840831,3.4126258425021962
0.4157429048414023,3.71773408181685,3.2589518324879334,3.4118792489156133
0.4173789649415693,3.7172766574129112,3.258062786703683,3.4111340769247853
0.4190150250417362,3.7168201813476274,3.2571751205663193,3.410390140811434
0.42065108514190314,3.716363705282343,3.2562887370806806,3.4096470597992328
0.4222871452420701,3.715907229217059,3.2554037406650753,3.4089049035003867
0.42392320534223704,3.7154522500261966,3.2545199153355204,3.408164026883715
0.42555926544240397,3.714997961300797,3.2536374968988144,3.4074243183507633
0.42719532554257095,3.714543672575397,3.2527561283744197,3.406685309759353
0.4288313856427379,3.714089383849997,3.2518761968978547,3.4059472591998285
0.4304674457429048,3.71363651794139,3.2509971865103364,3.4052102969719327
0.4321035058430718,3.7131841593698,3.250119651672736,3.404474487556322
0.4337395659432387,3.71273180079821,3.2492429033296495,3.403739202470387
0.43537562604340563,3.7122794422266203,3.248367675481201,3.403004931047544
0.4370116861435726,3.711828379427879,3.2474930955612176,3.4022715235012937
0.43864774624373953,3.711377696873094,3.24662008569753,3.4015392894072263
0.44028380634390646,3.710927014318309,3.245747582947705,3.400807393389067
0.44191986644407344,3.710476331763524,3.244876702684142,3.400076579028416
0.44355592654424036,3.7100267807912615,3.2440061881190956,3.3993463856609507
0.44519198664440734,3.7095775227589303,3.243137349665365,3.398617407347672
0.44682804674457427,3.7091282647265986,3.24226873646829,3.397888579205498
0.4484641068447412,3.7086790066942674,3.241401852603287,3.397160903951371
0.4501001669449082,3.7082306923759876,3.2405350560287047,3.396433601462209
0.4517362270450751,3.7077826096142235,3.2396700400755902,3.3957075632395313
0.453372287145242,3.70733452685246,3.2388050241224757,3.3949815250168527
0.455008347245409,3.706886444090696,3.237941743155286,3.394256643451458
0.45664440734557593,3.706439104664692,3.237078508956796,3.393532040843783
0.45828046744574286,3.7059919497691682,3.236216795292259,3.3928085134355697
0.45991652754590984,3.705544794873644,3.235355257186231,3.3920851030663624
0.46155258764607676,3.70509763997812,3.2344950321965342,3.3913625681080433
0.4631886477462437,3.7046510244584017,3.2336351049916408,3.3906404114648607
0.46482470784641067,3.7042045514817925,3.232776291723183,3.3899190449603385
0.4664607679465776,3.703758078505184,3.2319178906748633,3.3891979532692424
0.4680968280467446,3.703311605528575,3.2310604137587804,3.388477477666304
0.4697328881469115,3.7028654711221267,3.230203454545359,3.387757460055193
0.4713689482470784,3.7024194351869872,3.2293472401093384,3.387037971786119
0.4730050083472454,3.7019733992518478,3.2284916388083205,3.3863188922737137
0.47464106844741233,3.7015273633167083,3.227636614389619,3.385600197349519
0.47627712854757925,3.701081472880618,3.2267822874541556,3.384882015913833
0.47791318864774623,3.700635629794776,3.2259283819137643,3.3841641311916115
0.47954924874791316,3.7001897867089335,3.2250752461492715,3.3834467596533218
0.4811853088480801,3.6997439436230914,3.224222389587148,3.382729574249945
0.48282136894824706,3.6992980631492545,3.2233703621280756,3.382012929119271
0.484457429048414,3.6988521690228193,3.222518485799377,3.3812963801913134
0.4860934891485809,3.6984062748963846,3.2216674840861144,3.3805804143403133
0.4877295492487479,3.6979603807699495,3.2208165203183636,3.379864473786321
0.4893656093489148,3.6975142768851716,3.2199664620742743,3.379149066995322
0.4910016694490818,3.6970680877482565,3.2191164038301845,3.3784336317869434
0.4926377295492487,3.6966218986113413,3.218267147393964,3.3777187311171444
0.49427378964941565,3.696175709474426,3.217417950602538,3.3770038702105425
0.49590984974958263,3.69572914694383,3.216569392493205,3.3762893106274414
0.49754590984974956,3.6952824183640813,3.215720975375321,3.3755747896889226
0.4991819699499165,3.694835689784332,3.214873050863547,3.374860597154477
0.5008180300500834,3.6943889612045835,3.214025331854833,3.3741465416220713
0.5024540901502503,3.693941700426226,3.2131779769377453,3.3734325514178805
0.5040901502504173,3.6934941871252676,3.2123308746660295,3.372718645469737
0.5057262103505843,3.6930466738243086,3.2114840259881126,3.3720049085841257
0.5073622704507512,3.69259916052335,3.2106374592509543,3.371291359659021
0.5089983305509181,3.6921509550019236,3.209791054025478,3.3705776876682148
0.5106343906510851,3.691702410469807,3.2089449417677702,3.3698640979856904
0.5122704507512521,3.69125386593769,3.208098917698677,3.369150567095576
0.513906510851419,3.6908053214055734,3.207253178990311,3.368437226445947
0.515542570951586,3.690355915192973,3.2064074741945,3.3677236211778596
0.5171786310517529,3.689906091299729,3.2055620282080803,3.3670100492224853
0.5188146911519198,3.689456267406485,3.204716582221661,3.3662964772671113
0.5204507512520867,3.689006443513241,3.2038713471266282,3.3655830459059946
0.5220868113522538,3.6885555686036375,3.203026113115233,3.364869264928517
0.5237228714524207,3.6881042152070123,3.202180993768228,3.3641554008982917
0.5253589315525876,3.6876528618103865,3.2013358910432017,3.363441547949386
0.5269949916527545,3.687201508413761,3.2004908263727843,3.36272772037022
0.5286310517529215,3.6867488820806193,3.199645774281554,3.362013476865006
0.5302671118530885,3.686295746629068,3.1988007032988963,3.3612990510593703
0.5319031719532554,3.6858426111775167,3.197955621202805,3.3605846178447796
0.5335392320534224,3.685389475725965,3.197110482925008,3.3598701471757177
0.5351752921535893,3.6849347977881917,3.196265290177153,3.3591551260312107
0.5368113522537562,3.6844796249182017,3.1954200235505685,3.358439890656811
0.5384474123539231,3.684024452048212,3.1945746394736347,3.357724576982179
0.5400834724540902,3.683569279178222,3.1937291832971333,3.3570092152411686
0.5417195325542571,3.6831122291823264,3.192883527161217,3.356293094485246
0.543355592654424,3.6826547603091124,3.192037820009332,3.355576800092905
0.5449916527545909,3.682197291435898,3.1911918110097397,3.354860304468759
0.5466277128547579,3.681739822562684,3.190345791155634,3.3541438016082714
0.5482637729549248,3.6812800568674757,3.1894993483906515,3.353426251199867
0.5498998330550918,3.680820029768083,3.188652905625669,3.352708613656735
0.5515358931552587,3.68036000266869,3.187805996177453,3.351990664991447
0.5531719532554257,3.679899975569297,3.1869590386260733,3.3512726842573834
0.5548080133555926,3.679437124319216,3.186111610645784,3.3505534485204844
0.5564440734557595,3.678974272707053,3.1852640571453863,3.349834128982818
0.5580801335559266,3.6785114210948904,3.1844160473730745,3.3491145052638767
0.5597161936560935,3.678048180365649,3.183567816597042,3.3483946045034285
0.5613522537562604,3.6775822334554413,3.182719161137692,3.3476735185604465
0.5629883138564273,3.6771162865452336,3.181870171572964,3.3469522098805458
0.5646243739565943,3.676650339635026,3.181020805817509,3.3462306504068273
0.5662604340567612,3.6761834579760424,3.1801709757420493,3.345508469803513
0.5678964941569282,3.675714140038182,3.17932083428781,3.344785269521388
0.5695325542570951,3.6752448221003213,3.178470081747998,3.3440616618488805
0.5711686143572621,3.674775504162461,3.17761909831848,3.343337900249902
0.572804674457429,3.674304518984248,3.1767673411063924,3.3426130670490934
0.5744407345575959,3.6738315488874904,3.1759154484703767,3.3418874819261504
0.5760767946577628,3.6733585787907335,3.1750626041009737,3.3411612623142837
0.5777128547579299,3.672885608693976,3.174209733990832,3.3404350255419244
0.5793489148580968,3.6724100181466706,3.1733557196790194,3.3397071524849347
0.5809849749582637,3.671933108888103,3.172501705367207,3.338978839857525
0.5826210350584307,3.6714561996295356,3.1716465353457606,3.3382497567570253
0.5842570951585976,3.670979290370968,3.170791267983332,3.3375206087625378
0.5858931552587646,3.670498549547633,3.1699348970577508,3.336789447871026
0.5875292153589315,3.670017407768804,3.16907829319019,3.3360579980330303
0.5891652754590985,3.6695362659899757,3.1682206491151166,3.3353258547233593
0.5908013355592654,3.6690543156574074,3.167362624918259,3.334593188481252
0.5924373956594323,3.668568641145489,3.166503634052605,3.3338586364001643
0.5940734557595992,3.6680829666335715,3.165644105309141,3.33312372573387
0.5957095158597663,3.6675972921216533,3.1647836925293515,3.3323882257100257
0.5973455759599332,3.667109263877037,3.163922574605165,3.33165147101235
0.5989816360601001,3.6666187490498485,3.163060663217284,3.3309133584780204
0.6006176961602671,3.6661282342226595,3.162197871037621,3.3301746587491694
0.602253756260434,3.6656377193954706,3.161334382688089,3.329435494907073
0.603889816360601,3.6651429221334277,3.160469830713534,3.328694194503343
0.6055258764607679,3.6646472515071165,3.1596046852986466,3.327952207351302
0.6071619365609349,3.6641515808808047,3.158738287500911,3.327209385277362
0.6087979966611018,3.663654743294227,3.1578714030748607,3.32646584979779
0.6104340567612687,3.663153592932377,3.1570030729123615,3.325719912902162
0.6120701168614356,3.662652442570527,3.156134365593789,3.3249737245691513
0.6137061769616027,3.662151292208677,3.1552640159870147,3.3242264413773395
0.6153422370617696,3.6616464515439398,3.1543933998639977,3.3234777504070703
0.6169782971619365,3.6611394884868287,3.153520943170648,3.322727124925788
0.6186143572621035,3.6606325254297176,3.1526483302040442,3.321976395262336
0.6202504173622704,3.6601249603556694,3.1517736781939325,3.3212241055642333
0.6218864774624373,3.659611842028359,3.150898978119004,3.320469932738499
0.6235225375626043,3.6590987237010486,3.1500220419487137,3.3197142691825228
0.6251585976627713,3.6585856053737387,3.149145105778423,3.318958605626547
0.6267946577629382,3.658068561566406,3.1482658523622327,3.3182000887466305
0.6284307178631051,3.6575489351643213,3.1473865425495164,3.3174406734041124
0.630066777963272,3.6570293087622368,3.146504924269196,3.3166797190831923
0.6317028380634391,3.656508635759197,3.1456231506671073,3.315918312347441
0.633338898163606,3.655982137609796,3.144739069281605,3.3151534253739605
0.6349749582637729,3.6554556394603948,3.1438547410523476,3.3143883738379767
0.6366110183639399,3.6549291413109932,3.142968095656241,3.313621777524093
0.6382470784641068,3.6543972334633996,3.142081121244732,3.312853158633877
0.6398831385642737,3.653863488362501,3.1411918081597214,3.3120823682102256
0.6415191986644407,3.6533297432616023,3.14030209526685,3.311311311248
0.6431552587646077,3.6527930444493286,3.139410007931017,3.3105376867533414
0.6447913188647746,3.652251664970628,3.138517463486592,3.30976219729748
0.6464273789649415,3.651710285491928,3.137622492341338,3.308985090041065
0.6480634390651084,3.6511683059059696,3.1367270224767094,3.308207450269315
0.6496994991652754,3.650618891682223,3.135829054851282,3.3074256671111026
0.6513355592654424,3.650069477458476,3.1349305648716297,3.3066435357167405
0.6529716193656093,3.6495200632347298,3.134029484865144,3.305859677637823
0.6546076794657762,3.6489637977061076,3.133127879221416,3.3050731853657855
0.6562437395659432,3.6484059346804276,3.132223567582279,3.3042843565977895
0.6578797996661101,3.6478480716547477,3.131318749842772,3.3034951904295466
0.6595158597662771,3.6472849125823226,3.1304110838454093,3.3027023600738183
0.6611519198664441,3.6467181722279967,3.1295029566669785,3.301908028503411
0.662787979966611,3.6461514318736703,3.1285918099857715,3.3011116839311523
0.6644240400667779,3.645580659280056,3.127680275084654,3.300313736465858
0.6660601001669448,3.645004597787249,3.1267655176649827,3.299511877688464
0.6676961602671118,3.6444285362944426,3.1258504757872294,3.2987098292723482
0.6693322203672788,3.643849346846694,3.1249319737135184,3.2979044314072796
0.6709682804674457,3.643263504274374,3.1240132975896215,3.2970966998005644
0.6726043405676126,3.642677661702054,3.123090939965682,3.2962865138604864
0.6742404006677796,3.642089162579817,3.122168341576401,3.2954752818935424
0.6758764607679465,3.6414930619711985,3.1212421730909465,3.2946591360336894
0.6775125208681135,3.64089696136258,3.12031550720728,3.2938426585750276
0.6791485809682805,3.6402981636927603,3.1193854244215475,3.293023004161255
0.6807846410684474,3.6396913101525454,3.118454541425398,3.2922001309837396
0.6824207011686143,3.6390844566123306,3.117520439776206,3.291375112037529
0.6840567612687812,3.6384742684431686,3.116585185512315,3.2905482131385364
0.6856928213689482,3.6378561481748357,3.115646959279846,3.289716688894102
0.6873288814691152,3.637238027906503,3.1147071749040864,3.2888841258874746
0.6889649415692821,3.6366152466928345,3.1137647171791882,3.288048226999642
0.690601001669449,3.635985325994211,3.1128202390030966,3.2872086013160295
0.692237061769616,3.635355405295588,3.11187344165408,3.2863674295171332
0.6938731218697829,3.634718709866022,3.1109241009855055,3.285522303928218
0.6955091819699498,3.634076434081372,3.1099728546244303,3.2846740477592746
0.6971452420701169,3.6334341582967227,3.109018477604181,3.283823704484215
0.6987813021702838,3.6327821002724785,3.108062671552608,3.2829691477750744
0.7004173622704507,3.632126892699339,3.107103078986964,3.2821110168735883
0.7020534223706176,3.631471419011457,3.1061426012411695,3.2812522071470878
0.7036894824707846,3.6308026797604596,3.105177608430136,3.280385965522723
0.7053255425709516,3.630133940509462,3.1042119248107776,3.279519263359475
0.7069616026711185,3.6294604128583687,3.103241762186932,3.2786479790598704
0.7085976627712854,3.628777517664334,3.102270407888233,3.27777277779605
0.7102337228714524,3.6280946224702997,3.1012952292509572,3.276895026973178
0.7118697829716193,3.627401179028217,3.1003180034491677,3.276012395291281
0.7135058430717862,3.6267034780108243,3.09933769113435,3.275126286742263
0.7151419031719533,3.626003573202763,3.09835438680489,3.2742374489199264
0.7167779632721202,3.6252903895751745,3.0973688216405324,3.273342677601149
0.7184140233722871,3.6245772059475856,3.0963792253635365,3.2724452188739463
0.720050083472454,3.62385385591003,3.0953882866313993,3.2715434763733278
0.721686143572621,3.623124484633932,3.094392178392178,3.2706362804551383
0.7233222036727879,3.62239224446817,3.0933949511761276,3.269727382255842
0.7249582637729549,3.62164595085379,3.092392896773044,3.2688105814489843
0.7265943238731218,3.6208996572394097,3.091388822550144,3.267892434095582
0.7282303839732888,3.620139800762986,3.090381022753696,3.266967282072468
0.7298664440734557,3.619375819012785,3.089369862180801,3.2660385144404622
0.7315025041736226,3.61860407934355,3.0883561896909764,3.2651054862241597
0.7331385642737897,3.617821611038455,3.087337696019869,3.264165667675049
0.7347746243739566,3.6170366702734777,3.086317747450906,3.263224055040739
0.7364106844741235,3.6162348828007174,3.0852919406394212,3.2622729213421557
0.7380467445742904,3.615433095327957,3.0842642750209825,3.2613205484389356
0.7396828046744574,3.6146133100918343,3.08323220295679,3.260359238650759
0.7413188647746243,3.613791335013684,3.0821965518198713,3.2593948128667556
0.7429549248747913,3.612954383545737,3.081158079952592,3.258423514465914
0.7445909849749582,3.6121113149087716,3.0801141665250142,3.257446549301867
0.7462270450751252,3.6112553964996037,3.079068380197966,3.256464052280772
0.7478631051752921,3.6103902890843913,3.078016697337214,3.255474561235194
0.749499165275459,3.609513432163748,3.0769622097115437,3.254479283844527
0.751135225375626,3.608625299675317,3.0759037116775123,3.2534775743256903
0.752771285475793,3.6077253500830393,3.0748402216015016,3.252468597744252
0.7544073455759599,3.606813163282916,3.0737745209430742,3.2514540683719204
0.7560434056761268,3.6058877718765747,3.072701962899006,3.2504305658737564
0.7576794657762937,3.6049504566577184,3.071626776097887,3.24940133626672
0.7593155258764607,3.603997066246702,3.0705469689480447,3.248363668029816
0.7609515859766277,3.603033501653281,3.0694619683224693,3.247319146081621
0.7625876460767946,3.602049333253822,3.0683743654429216,3.246266021362099
0.7642237061769616,3.6010583494484822,3.0672796108347216,3.245205857021516
0.7658597662771285,3.6000403878598783,3.0661816617202406,3.244134570415658
0.7674958263772954,3.599015280472218,3.0650792041884,3.243057896265208
0.7691318864774623,3.597965742751127,3.0639705522998284,3.241968949099128
0.7707679465776294,3.59690137123045,3.062858847326189,3.2408730219431416
0.7724040066777963,3.595820590459928,3.061740513736857,3.239767205960078
0.7740400667779632,3.5947131952367006,3.0606175204836044,3.238649412050167
0.7756761268781301,3.5935927944698083,3.059491008870371,3.2375249373857136
0.7773121869782971,3.592445308119883,3.058356339422428,3.23638599563711
0.7789482470784641,3.5912749605987853,3.0572181012559576,3.2352370543524316
0.780584307178631,3.5900871797869685,3.0560747409636253,3.2340788872202726
0.782220367278798,3.5888669528252115,3.0549241832538594,3.232905106426512
0.7838564273789649,3.587621228094871,3.0537697311443393,3.2317202301100547
0.7854924874791318,3.586352769156372,3.0526088478103235,3.2305234882412153
0.7871285475792987,3.585053244329772,3.051441393233223,3.229312010247619
0.7887646076794658,3.5837176484240305,3.050269688814588,3.2280856753332876
0.7904006677796327,3.582353037554464,3.0490905862248807,3.2268447366503
0.7920367278797996,3.58095683251258,3.0479051545873967,3.225589047211356
0.7936727879799665,3.579524837135953,3.0467150860818957,3.224318336415488
0.7953088480801335,3.5780461883549206,3.045517045194724,3.223026759563705
0.7969449081803004,3.5765280656786924,3.04431248051728,3.221717675553344
0.7985809682804674,3.5749671476829312,3.043102858428252,3.2203909548287495
0.8002170283806344,3.5733598687187045,3.041885136361066,3.2190433804625633
0.8018530884808013,3.5717024082841577,3.0406602024406917,3.2176742710374793
0.8034891485809682,3.5699906807691835,3.0394297550019482,3.2162833969066744
0.8051252086811351,3.568220325741588,3.03819158398038,3.2148678312164485
0.8067612687813022,3.566386698965966,3.0369449597041567,3.213425539440445
0.8083973288814691,3.5644848643702427,3.0356923280739743,3.211956506821771
0.810033388981636,3.562509587199351,3.0344329143414037,3.210458471943117
0.8116694490818029,3.560455328620295,3.0331631887380524,3.2089272353478906
0.8133055091819699,3.5583162420674084,3.0318869219254414,3.207363361955216
0.8149415692821368,3.5560830562913908,3.0306039373519806,3.2057636436476016
0.8165776293823038,3.553736051972534,3.029311111628911,3.2041194250593046
0.8182136894824708,3.5512809732327177,3.028009661139517,3.2024334318198084
0.8198497495826377,3.5486999829943002,3.026700898107591,3.2007005930524275
0.8214858096828046,3.545973743139494,3.0253846197208074,3.1989143275096836
0.8231218697829715,3.543093607667853,3.024056438270769,3.1970688280524957
0.8247579298831386,3.540044346312783,3.0227201989578907,3.195161581392277
0.8263939899833055,3.5367874067923877,3.021375783138664,3.193179657672725
0.8280300500834724,3.5333127315164905,3.020022900864326,3.1911195110646045
0.8296661101836393,3.5295903180567914,3.0186573755713595,3.188968356382806
0.8313021702838063,3.525585955514134,3.017282962394571,3.186717293417482
0.8329382303839732,3.5212516073281623,3.015899407734816,3.184350140915753
0.8345742904841402,3.516563410474388,3.014506448608615,3.1818587692138047
0.8362103505843071,3.5114590850692227,3.013101306759886,3.17922056617972
0.8378464106844741,3.505893210566798,3.011684985480741,3.1764210604929533
0.839482470784641,3.4998112962602708,3.010258447635966,3.173442730494416
0.8411185308848079,3.4931836773932394,3.0088213958796883,3.1702754897013934
0.8427545909849748,3.485971076379135,3.007373522277174,3.1669060402952076
0.8443906510851419,3.478170348952273,3.005912080358762,3.163331503207524
0.8460267111853088,3.469811318613544,3.0044383255412934,3.159562656549865
0.8476627712854757,3.4609451846538577,3.0029528242349226,3.155616944359301
0.8492988313856427,3.451651721087748,3.001455229946473,3.1515207269785583
0.8509348914858096,3.4420231021425933,2.999945184249691,3.147304490199256
0.8525709515859766,3.4321461950806045,2.9984223164516797,3.142996942646864
0.8542070116861435,3.422094801693577,2.996884363578286,3.1386211762692096
0.8558430717863105,3.4119273218374837,2.995332120118781,3.134197187344462
0.8574791318864774,3.401685598433051,2.993765973328681,3.129739181683207
0.8591151919866443,3.3913976502885976,2.992185508138106,3.125256222174963
0.8607512520868112,3.3810819179777734,2.9905902956784596,3.1207541697652146
0.8623873121869783,3.3707499696971963,2.988979892902056,3.116236585154377
0.8640233722871452,3.3604087142669834,2.987353842192291,3.1117054662047536
0.8656594323873121,3.3500622327094343,2.9857116709642217,3.107161858200481
0.8672954924874791,3.339712882445155,2.9840528912554225,3.102606221640145
0.868931552587646,3.3293620008445393,2.982376814627633,3.0980385433550355
0.8705676126878129,3.319010311084134,2.9806821792069362,3.093458223154725
0.8722036727879799,3.3086582035220693,2.978969562842374,3.088865776391283
0.8738397328881469,3.2983058837865373,2.9772384224759842,3.0842609095688
0.8754757929883138,3.287953459627334,2.9754881978131924,3.0796432850741575
0.8771118530884807,3.2776009846205736,2.97371831086162,3.075012535437809
0.8787479131886476,3.2672484853090915,2.971928165459542,3.0703682720662147
0.8803839732888147,3.2568959746007318,2.970117146793927,3.065710089386636
0.8820200333889816,3.246543458679368,2.9682846209079843,3.061037566822504
0.8836560934891485,3.2361909404230205,2.9664299341981804,3.0563502695974685
0.8852921535893155,3.225838421133817,2.964552412900682,3.0516477489696845
0.8869282136894824,3.215485901396999,2.962651362567204,3.046929542168708
0.8885642737896493,3.205133381469778,2.960724655416866,3.04219423075969
0.8902003338898163,3.1947808614641358,2.958772449479867,3.037441920133423
0.8918363939899833,3.1844283414263748,2.9567941611243,3.032672221217404
0.8934724540901502,3.174075821375727,2.9547889923828827,3.0278846020398547
0.8951085141903171,3.1637233013200095,2.9527561213807743,3.0230785146868207
0.896744574290484,3.1533707812623506,2.950694701739417,3.0182533949069725
0.8983806343906511,3.1430182612039586,2.948603861970222,3.0134086617083207
0.900016694490818,3.132665741145296,2.946482521642333,3.0085435948037818
0.9016527545909849,3.1223132210865345,2.9443255180676955,3.003654752401376
0.9032888146911519,3.111960701027737,2.9421358561166135,2.9987441377479938
0.9049248747913188,3.1016081809689275,2.9399125386285268,2.9938110860699374
0.9065609348914857,3.091255660910114,2.9376545396447025,2.9888549133947198
0.9081969949916527,3.0809031408512992,2.935355833364,2.9838716025215817
0.9098330550918197,3.070550620792483,2.933018132401994,2.978862295194239
0.9114691151919866,3.060198100733668,2.9306419140552693,2.9738273096104173
0.9131051752921535,3.0498455806748526,2.9282214439339094,2.968762822843503
0.9147412353923204,3.039493060616037,2.925755658208417,2.9636681256738324
0.9163772954924874,3.0291405405572216,2.9232470871732756,2.958544904964395
0.9180133555926544,3.0187880204984054,2.9206848629245195,2.953385915445878
0.9196494156928213,3.0084355004395897,2.9180756733960425,2.9481956157408797
0.9212854757929883,2.998082980380774,2.915410700742808,2.942968127286041
0.9229215358931552,2.9877304603219583,2.9126922624550584,2.9377049950748573
0.9245575959933221,2.977377940263143,2.909912574819655,2.9324010299652357
0.9261936560934891,2.967025420204327,2.9070755374034825,2.9270588316684325
0.9278297161936561,2.9566729001455117,2.9041680014245497,2.921669634329787
0.929465776293823,2.946320380086696,2.90119556193388,2.9162371679833146
0.9311018363939899,2.9359678600278807,2.898152491432296,2.9107576142962306
0.9327378964941568,2.925615339969065,2.8950290831077568,2.9052245020605065
0.9343739565943238,2.9152628199102493,2.8918268183615132,2.8996388188769773
0.9360100166944908,2.904910299851433,2.8885401722576525,2.893996881455034
0.9376460767946577,2.8945577797926174,2.885163291091969,2.8882947873252056
0.9392821368948246,2.884205259733802,2.881689981116109,2.882528407321923
0.9409181969949916,2.873852739674987,2.878113697724775,2.8766933783749877
0.9425542570951585,2.8635002196161707,2.8744275352491573,2.870785096705193
0.9441903171953254,2.8531476995573555,2.8706242175151537,2.8647987115298035
0.9458263772954925,2.8427951794985393,2.866696089340844,2.858729119394206
0.9474624373956594,2.8324426594397236,2.862635109163912,2.8525709592568558
0.9490984974958263,2.8220901393809084,2.8584297864177977,2.846316570740046
0.9507345575959932,2.8117376193220927,2.854065613584952,2.83995628216541
0.9523706176961602,2.8013850992632774,2.8495376207096466,2.833486780229129
0.9540066777963272,2.791032579204461,2.8448227531887746,2.8268926951957964
0.9556427378964941,2.7806800591456455,2.8399111558568624,2.820167456955098
0.957278797996661,2.77032753908683,2.8347846048891028,2.813298916290494
0.958914858096828,2.7599750190280146,2.8294215802332787,2.806272726500506
0.9605509181969949,2.749622498969199,2.823799257013647,2.7990736710013038
0.9621869782971618,2.739269978910383,2.817893564741892,2.7916857028006765
0.9638230383973289,2.728917458851567,2.8116741934476184,2.7840886152516933
0.9654590984974958,2.7185649387927517,2.805107194311527,2.7762597758081533
0.9670951585976627,2.708212418733936,2.7981534875451883,2.768173131277769
0.9687312186978296,2.6978598986751208,2.7907725373200094,2.7598016577748106
0.9703672787979966,2.687507378616305,2.7829112482713274,2.7511099583895002
0.9720033388981636,2.6771548585574885,2.774516157622691,2.7420623912708693
0.9736393989983305,2.666802338498673,2.765520438460934,2.7326144051434715
0.9752754590984974,2.6564498184398575,2.7558515812948716,2.7227176603465137
0.9769115191986644,2.6460972983810422,2.7454359770231798,2.712323084145779
0.9785475792988313,2.6357447783222265,2.734183960993716,2.701370900106501
0.9801836393989982,2.6253922582634113,2.7220149082966705,2.689807358288805
0.9818196994991653,2.6150397382045947,2.7088432044188093,2.6775753823505313
0.9834557595993322,2.6046872181457794,2.6946036112503435,2.6646314802184863
0.9850918196994991,2.5943346980869637,2.679253504629116,2.6509472357845625
0.986727879799666,2.5839821780281484,2.6627825849487836,2.636515782644532
0.988363939899833,2.573629657969333,2.6452352137229913,2.621366695140826
0.99,2.563277137910516,2.626695574977239,2.605556095957112
