stoichiometry,U_R3m_V,U_C2m_V
0.01,4.5727971494526365,4.534501583616926
0.011636060100166944,4.560166299112667,4.5156053485492444
0.01327212020033389,4.547535448772697,4.496709113481563
0.014908180300500834,4.534904598432728,4.477812878413881
0.01654424040066778,4.522273748092759,4.4589166433462
0.018180300500834724,4.50964289775279,4.440020408278525
0.01981636060100167,4.4970120474128255,4.421124173210852
0.021452420701168616,4.4843811970728655,4.402227938143178
0.02308848080133556,4.471750346732919,4.383331703075507
0.0247245409015025,4.459119496393006,4.364435468007852
0.026360601001669447,4.446488646053183,4.34553923294024
0.027996661101836393,4.433857795713584,4.3266429978727325
0.02963272120200334,4.421226945374551,4.307746762805498
0.031268781302170284,4.408596095036903,4.288850527738937
0.03290484140233723,4.395965244702607,4.269954292674038
0.03454090150250417,4.38333439437628,4.251058057613198
0.036176961602671115,4.3707035440686015,4.232161822561999
0.03781302170283806,4.358072693803861,4.213265587533559
0.03944908180300501,4.345441843636381,4.194369352557537
0.04108514190317195,4.33281099368566,4.175473117701145
0.0427212020033389,4.3201801442101955,4.156576883111898
0.044357262103505844,4.30754929575991,4.1376806491119815
0.04599332220367279,4.294918449486976,4.118784416388059
0.04762938230383973,4.282287607764191,4.099888186384981
0.049265442404006675,4.269656775388411,4.0809919620930435
0.05090150250417362,4.257025961904938,4.0620957495721015
0.05253756260434057,4.244395185984246,4.043199561001707
0.05417362270450751,4.231764483528616,4.024303420142774
0.05580968280467446,4.2191339224054,4.005407373376531
0.0574457429048414,4.206503628721011,3.9865115077974353
0.05908180300500834,4.193873832781657,3.9676159883722173
0.06071786310517529,4.181244947925166,3.948721114005354
0.062353923205342235,4.16861770301879,3.9298274305971455
0.06398998330550917,4.155993360490125,3.9109358972532244
0.06562604340567613,4.143374067099033,3.8920481977490726
0.06726210350584307,4.13076340445322,3.873167198336355
0.06889816360601,4.118167228864006,3.8542977282648723
0.07053422370617696,4.105594909544574,3.835447726943093
0.0721702838063439,4.093061075462193,3.816629994575254
0.07380634390651084,4.080587933293095,3.7978646757364665
0.07544240400667779,4.068208066397005,3.77918268051838
0.07707846410684473,4.055967287256155,3.7606295383614
0.07871452420701168,4.043926573182642,3.742271034591493
0.08035058430717862,4.032164903429325,3.7241953609698535
0.08198664440734557,4.020768189657264,3.70651521069576
0.08362270450751251,4.009831097963072,3.6893642134279254
0.08525876460767945,3.9994405517350455,3.672883007025107
0.0868948247078464,3.9896593800067532,3.6572071204028775
0.08853088480801334,3.9805264539934178,3.6424396062377613
0.0901669449081803,3.972047212717018,3.6286494110203518
0.09180300500834723,3.9642126098683113,3.615852357577908
0.09343906510851419,3.956979284279229,3.604029384282681
0.09507512520868112,3.950301825723854,3.5931288826540775
0.09671118530884806,3.9441341060103294,3.5830778848050566
0.09834724540901502,3.938419029276806,3.5738072392329356
0.09998330550918196,3.9331140070851034,3.56523089415314
0.10161936560934891,3.9281737472556006,3.5572817767008544
0.10325542570951585,3.9235522086405736,3.549885054873033
0.10489148580968279,3.919225983829905,3.5429816225529027
0.10652754590984974,3.9151522837685047,3.536515176586131
0.10816360601001668,3.9113093352115684,3.530447296771085
0.10979966611018363,3.9076760270228714,3.524727736586843
0.11143572621035057,3.9042321193248695,3.5193227619520884
0.11307178631051752,3.9009584048524766,3.5142012377807004
0.11470784641068446,3.8978368260687284,3.5093336669869446
0.1163439065108514,3.8948505525413486,3.504702104016311
0.11797996661101835,3.8919973598648347,3.500278800751097
0.11961602671118529,3.88925855048644,3.496050897840329
0.12125208681135224,3.8866279178387857,3.491996029019891
0.12288814691151918,3.8840935896206616,3.488102147811652
0.12452420701168614,3.881656149392095,3.4843593854074433
0.12616026711185307,3.879297900507489,3.480754057107755
0.12779632721202003,3.87701823741461,3.477274870165365
0.12943238731218698,3.8748171693095297,3.4739163393698598
0.1310684474123539,3.872681847272284,3.4706674315789603
0.13270450751252086,3.870608820727968,3.4675196012214378
0.1343405676126878,3.8685947885514627,3.4644648476499302
0.13597662771285476,3.866636595926583,3.4615021166549593
0.1376126878130217,3.86473123094251,3.458623819450961
0.13924874791318864,3.862875820973047,3.455819863942345
0.1408848080133556,3.8610676288804124,3.4530965999880108
0.14252086811352255,3.859304049081585,3.4504365218314903
0.14415692821368947,3.857582603511683,3.447848985943499
0.14579298831385643,3.8559009375154814,3.445319177226739
0.14742904841402338,3.8542568156949746,3.442850052510778
0.1490651085141903,3.8526481177379077,3.4404381213773134
0.15070116861435726,3.8510728342493703,3.438076112783824
0.1523372287145242,3.849529062605936,3.435766638425082
0.15397328881469116,3.8480150028494,3.4335069076595035
0.1556093489148581,3.84652895363493,3.431291123493185
0.15724540901502504,3.845073932122269,3.429117710131109
0.158881469115192,3.8436473951151813,3.426986404432157
0.16051752921535892,3.8422446885948505,3.424897959669918
0.16215358931552587,3.8408644160772347,3.422846808928104
0.16378964941569282,3.8395055802815636,3.420831607241146
0.16542570951585978,3.838176460895707,3.4188510553542897
0.1670617696160267,3.8368662637337265,3.41690389849608
0.16869782971619365,3.8355738585010193,3.4149889251670955
0.1703338898163606,3.834302266263533,3.4131049659461143
0.17196994991652753,3.833053829712539,3.4112508923147646
0.17360601001669448,3.8318202593448536,3.4094256155015863
0.17524207011686144,3.830602264732456,3.407628085346296
0.1768781302170284,3.829408175105714,3.40585728918494
0.17851419031719531,3.828226392197895,3.4041122507565227
0.18015025041736227,3.827058605766054,3.402392029131578
0.18178631051752922,3.825912273106338,3.4006957176630928
0.18342237061769615,3.824776020346921,3.399022442960072
0.1850584307178631,3.82365526264138,3.3973713638839893
0.18669449081803005,3.822550848103255,3.3957416705682713
0.18833055091819698,3.821454587975074,3.3941325834609226
0.18996661101836393,3.820377876747393,3.3925433523903115
0.19160267111853088,3.8193102248538806,3.3909732556541083
0.19323873121869783,3.8182544767676325,3.389421791214579
0.19487479131886476,3.8172136121203852,3.387891495378354
0.1965108514190317,3.8161781879305035,3.3863785054086715
0.19814691151919867,3.8151623559093846,3.384882189890157
0.1997829716193656,3.8141510202814652,3.3834019422363086
0.20141903171953254,3.813154183020812,3.381937179895935
0.2030550918196995,3.8121653934601616,3.380487949495874
0.20469115191986645,3.8111869355125663,3.379057238072024
0.20632721202003337,3.8102192403704,3.377640497315903
0.20796327212020033,3.809258565496814,3.376237221264912
0.20959933222036728,3.8083105996200572,3.3748469248290247
0.2112353923205342,3.8073671301367873,3.373471718364295
0.21287145242070116,3.8064376106975972,3.3721114405092383
0.2145075125208681,3.8055107868405478,3.370762848280158
0.21614357262103506,3.8045985093416532,3.369425523411135
0.217779632721202,3.803687788647745,3.3681016856024257
0.21941569282136894,3.8027916230993766,3.3667916050684243
0.2210517529215359,3.8018964798050154,3.365491649343333
0.22268781302170282,3.801015367068938,3.364201460255525
0.22432387312186977,3.800135291525376,3.362925682676955
0.22595993322203672,3.7992682398213318,3.361660239222825
0.22759599332220368,3.798402737926712,3.3604035567513195
0.2292320534223706,3.7975488194964324,3.3591580839746986
0.23086811352253755,3.7966974121442822,3.3579245119620302
0.2325041736227045,3.7958557600681155,3.35669878378565
0.23414023372287143,3.7950179826120216,3.3554822951916745
0.23577629382303839,3.79418778777316,3.3542781559006385
0.23741235392320534,3.7933631895073314,3.3530810258284207
0.2390484140233723,3.792543697698581,3.3518922557050326
0.24068447412353922,3.791731841353996,3.3507152994148766
0.24232053422370617,3.7909223505220293,3.3495445946466487
0.24395659432387312,3.790122811777825,3.348382329565078
0.24559265442404005,3.7893232730336215,3.347230483231856
0.247228714524207,3.788535036409657,3.346084202390209
0.24886477462437395,3.787747403419425,3.3449472786884376
0.2505008347245409,3.7869675099303564,3.3438186343757033
0.2521368948247078,3.7861913828629845,3.3426949362739578
0.2537729549248748,3.7854192832525277,3.341582237644563
0.2554090150250417,3.7846542738472224,3.3404750416715543
0.25704507512520863,3.7838894608337057,3.339374051126763
0.2586811352253756,3.783135191968821,3.3382826899615297
0.26031719532554254,3.7823809231039363,3.337195332733627
0.2619532554257095,3.7816333033911893,3.3361169765614673
0.26358931552587644,3.780889408666484,3.335044445877596
0.26522537562604337,3.780147822418361,3.333977026431871
0.26686143572621035,3.7794139457503007,3.3329187227462556
0.2684974958263773,3.7786800690822404,3.331863621465985
0.27013355592654426,3.7779538044146155,3.330817339673541
0.2717696160267112,3.7772295996443384,3.3297755710965125
0.2734056761268781,3.776508297970517,3.3287394999004625
0.2750417362270451,3.775793428484073,3.3277105258844557
0.276677796327212,3.775078558997629,3.326684432707102
0.27831385642737894,3.7743709192609467,3.325667735774221
0.2799499165275459,3.7736650576214315,3.3246532920645038
0.28158597662771284,3.7729614744705753,3.323646475207126
0.28322203672787977,3.7722643020617745,3.3226435521630613
0.28485809682804675,3.7715671296529734,3.3216460423272953
0.2864941569282137,3.770875740255267,3.3206541761578596
0.2881302170283806,3.770186946936428,3.319665758211689
0.2897662771285476,3.769498854991545,3.318684503228354
0.2914023372287145,3.7688181387629065,3.317704966123621
0.29303839732888143,3.7681374225342674,3.31673389412287
0.2946744574290484,3.767460228912747,3.315764123214322
0.29631051752921533,3.766787295591446,3.3148017304547706
0.2979465776293823,3.766114362270145,3.3138415356300284
0.29958263772954924,3.765447335336873,3.3128874140201967
0.30121869782971616,3.7647818982428705,3.3119364123485986
0.30285475792988314,3.7641171337732313,3.3109903661367635
0.30449081803005007,3.7634589134248873,3.31004818999258
0.306126878130217,3.762800693076543,3.309110027002586
0.307762938230384,3.762145034757358,3.3081763235388975
0.3093989983305509,3.7614937585763015,3.3072458550750454
0.3110350584307178,3.760842482395245,3.3063202857147025
0.3126711185308848,3.7601953176080154,3.3053973264686927
0.31430717863105173,3.759550719632962,3.304479566411835
0.31594323873121866,3.7589061216579087,3.3035639343717254
0.31757929883138564,3.7582668755948823,3.3026536721193396
0.31921535893155256,3.75762869620405,3.3017451884804636
0.32085141903171954,3.7569906648230744,3.3008421253734865
0.32248747913188647,3.756358650464863,3.2999406144512804
0.3241235392320534,3.755726636106652,3.2990444642247474
0.3257595993322204,3.7550957270532415,3.298149753369443
0.3273956594323873,3.7544696299848432,3.29726024172121
0.3290317195325542,3.7538435329164446,3.2963721612343417
0.3306677796327212,3.753219267555988,3.2954890254079086
0.33230383973288813,3.752598845589602,3.29460740846059
0.33393989983305505,3.7519784236232163,3.2937303968415756
0.33557595993322203,3.751360353873449,3.292855079394494
0.33721202003338896,3.750745370129789,3.291983951120315
0.3388480801335559,3.750130386386129,3.2911147718454066
0.34048414023372287,3.7495180930462455,3.2902492964277283
0.3421202003338898,3.74890831571502,3.289386096631479
0.34375626043405677,3.7482985383837946,3.288526053591018
0.3453923205342237,3.747691629540285,3.2876686771393566
0.3470283806343906,3.7470868316473513,3.286813855652623
0.3486644407345576,3.7464820337544174,3.285962148897353
0.3503005008347245,3.745880143259629,3.2851123474549353
0.35193656093489145,3.745280102440522,3.284266159161667
0.35357262103505843,3.7446800616214144,3.2834211852376702
0.35520868113522536,3.744082847641002,3.2825803665152113
0.3568447412353923,3.7434873459205433,3.2817400362474656
0.35848080133555926,3.742891844200085,3.280904440478627
0.3601168614357262,3.7422989878256447,3.2800688447097883
0.3617529215358931,3.7417078114033546,3.279238061133083
0.3633889816360601,3.7411166349810645,3.2784075439068596
0.365025041736227,3.7405278389043946,3.2775809187544533
0.36666110183639394,3.7399407779454164,3.27675533779954
0.3682971619365609,3.7393537169864377,3.2759327134584906
0.36993322203672785,3.7387687042319944,3.275111928578092
0.37156928213689483,3.7381855526632677,3.2742931548566117
0.37320534223706175,3.737602401094541,3.27347702786451
0.3748414023372287,3.7370209138067834,3.2726619617219357
0.37647746243739566,3.736441469118198,3.271850356379773
0.3781135225375626,3.7358620244296135,3.2710388616652035
0.3797495826377295,3.735283822712058,3.2702316436209493
0.3813856427378965,3.734707885762325,3.2694244255766955
0.3830217028380634,3.734131948812592,3.2686206275478003
0.38465776293823034,3.733556809615515,3.2678176642753565
0.3862938230383973,3.7329841844424987,3.26701705427855
0.38792988313856425,3.7324115592694826,3.2662182150184664
0.38956594323873117,3.731839275323305,3.265420677794488
0.39120200333889815,3.731269768958571,3.2646258334957468
0.3928380634390651,3.7307002625938375,3.2638312596530796
0.39447412353923206,3.730130756229104,3.263040282915918
0.396110183639399,3.729564063672683,3.2622493061787563
0.3977462437395659,3.7289974859600132,3.2614613337290086
0.3993823038397329,3.7284309082473435,3.260674098748738
0.4010183639398998,3.727866512166332,3.259888763356526
0.40265442404006674,3.7273026755839656,3.259105145868323
0.4042904841402337,3.726738839001599,3.2583223559291876
0.40592654424040064,3.7261765759420915,3.2575422331538157
0.40756260434056757,3.7256152954284607,3.256762110378444
0.40919866444073455,3.7250540149148295,3.2559851526223555
0.4108347245409015,3.72449373316694,3.255208403212787
0.4124707846410684,3.723934825949667,3.2544337024447816
0.4141068447412354,3.7233759187323945,3.2536602064336884
0.4157429048414023,3.722817477454259,3.252887686705178
0.4173789649415693,3.722260762882189,3.252117325453261
0.4190150250417362,3.721704048310119,3.2513469642013435
0.42065108514190314,3.7211473337380494,3.250579571311957
0.4222871452420701,3.7205926160596836,3.249812227457073
0.42392320534223704,3.720037915437727,3.249046760451467
0.42555926544240397,3.71948321481577,3.2482823178585383
0.42719532554257095,3.718929908268293,3.2475187144934856
0.4288313856427379,3.718377044694862,3.246757058205145
0.4304674457429048,3.717824181121431,3.2459954019168036
0.4321035058430718,3.717272174130178,3.2452362762120575
0.4337395659432387,3.7167209723370034,3.2444772924000103
0.43537562604340563,3.716169770543828,3.243719804300659
0.4370116861435726,3.7156189590145305,3.2429633802177293
0.43864774624373953,3.715069245208638,3.2422074793941262
0.44028380634390646,3.7145195314027455,3.241453503326955
0.44191986644407344,3.713969817973483,3.2406995272597836
0.44355592654424036,3.7134214196811297,3.23994750394027
0.44519198664440734,3.7128730213887766,3.239195865162639
0.44682804674457427,3.712324623096423,3.23844522833157
0.4484641068447412,3.7117770606127594,3.237695817058325
0.4501001669449082,3.711229806525116,3.2369465266462107
0.4517362270450751,3.710682552437472,3.2361992339877523
0.453372287145242,3.7101357403284885,3.235451941329294
0.455008347245409,3.7095894601488637,3.2347059706326657
0.45664440734557593,3.709043179969239,3.23396068854998
0.45828046744574286,3.708497037617015,3.2332158851344985
0.45991652754590984,3.707951561909424,3.2324725063947053
0.46155258764607676,3.7074060862018325,3.2317291276549116
0.4631886477462437,3.706860610494241,3.230987257049365
0.46482470784641067,3.7063156967816235,3.23024567518175
0.4664607679465776,3.705770856820494,3.229504805764815
0.4680968280467446,3.705226016859364,3.2287649150173245
0.4697328881469115,3.704681454091211,3.2280250242698343
0.4713689482470784,3.7041370817120316,3.2272867159829963
0.4730050083472454,3.7035927093328516,3.2265484112791656
0.47464106844741233,3.703048426550419,3.2258109495854836
0.47627712854757925,3.70250435400113,3.225074126481772
0.47791318864774623,3.701960281451841,3.224337489853293
0.47954924874791316,3.701416209301303,3.2236020444968014
0.4811853088480801,3.700872269094235,3.2228665991403096
0.48282136894824706,3.700328328887167,3.222132042262436
0.484457429048414,3.699784388680099,3.2213978713489824
0.4860934891485809,3.6992404237287446,3.220663998877948
0.4877295492487479,3.6986964484929046,3.219930999610472
0.4893656093489148,3.6981524732570645,3.219198000342996
0.4910016694490818,3.697608415025253,3.2184658654953746
0.4926377295492487,3.6970642373587665,3.217733935542649
0.49427378964941565,3.69652005969228,3.217002352385345
0.49590984974958263,3.695975839540587,3.2162713898409683
0.49754590984974956,3.6954312918631,3.2155404272965913
0.4991819699499165,3.694886744185613,3.2148102486635612
0.5008180300500834,3.694342196508126,3.2140801520052054
0.5024540901502503,3.6937972067242355,3.213350398906017
0.5040901502504173,3.6932521211290785,3.2126210669549073
0.5057262103505843,3.6927070355339215,3.2118917350037983
0.5073622704507512,3.6921615740479337,3.2111630606669594
0.5089983305509181,3.691615782153855,3.210434392547563
0.5106343906510851,3.691069990259776,3.209706022798807
0.5122704507512521,3.690523982368666,3.2089779178987006
0.513906510851419,3.6899773151709354,3.2082498439993845
0.515542570951586,3.689430647973204,3.207522201929284
0.5171786310517529,3.6888839807754734,3.2067945598591834
0.5188146911519198,3.6883363034031396,3.2060671363194175
0.5204507512520867,3.6877885911238257,3.2053398568733398
0.5220868113522538,3.6872408788445123,3.204612613414631
0.5237228714524207,3.686692324406189,3.203885596530168
0.5253589315525876,3.6861433963434154,3.203158579645705
0.5269949916527545,3.685594468280642,3.2024316718026764
0.5286310517529215,3.685044949076515,3.201704817521354
0.5302671118530885,3.6844946334524886,3.2009779760065116
0.5319031719532554,3.6839443178284625,3.200251184434213
0.5335392320534224,3.683393740643455,3.1995243928619144
0.5351752921535893,3.6828418644510714,3.1987975739264902
0.5368113522537562,3.6822899882586877,3.198070745193916
0.5384474123539231,3.681738112066304,3.1973438795619327
0.5400834724540902,3.681184642491257,3.196616913785076
0.5417195325542571,3.6806310313390753,3.1958899480082197
0.543355592654424,3.6800774201868935,3.195162792025792
0.5449916527545909,3.679522510829117,3.194435589266408
0.5466277128547579,3.6789669887845022,3.193708273006996
0.5482637729549248,3.6784114667398877,3.1929807332330356
0.5498998330550918,3.6778550017534886,3.192253193459075
0.5515358931552587,3.6772973911837097,3.191525272425003
0.5531719532554257,3.6767397806139304,3.1907972954709884
0.5548080133555926,3.6761816354890944,3.1900690987372724
0.5564440734557595,3.6756217569001692,3.1893405842645985
0.5580801335559266,3.675061878311244,3.1886120697919242
0.5597161936560935,3.674501919071412,3.1878829507576065
0.5613522537562604,3.673939590944486,3.18715379821473
0.5629883138564273,3.6733772628175605,3.1864242849202333
0.5646243739565943,3.6728149346906345,3.1856943935027418
0.5662604340567612,3.6722503838156677,3.1849644756308404
0.5678964941569282,3.6716854224407074,3.184233744241362
0.5695325542570951,3.6711204610657466,3.1835030128518844
0.5711686143572621,3.670553610308534,3.182771737738301
0.572804674457429,3.6699858296151144,3.1820400649462424
0.5744407345575959,3.669418048921695,3.181308259876445
0.5760767946577628,3.66884872828446,3.180575543877525
0.5777128547579299,3.6682779396694256,3.1798428278786055
0.5793489148580968,3.6677071510543917,3.1791093335407354
0.5809849749582637,3.6671351774025625,3.1783754721162962
0.5826210350584307,3.6665611895543284,3.177641316066026
0.5842570951585976,3.6659872017060944,3.1769062065420925
0.5858931552587646,3.665412377808356,3.176171097018159
0.5875292153589315,3.664834996527618,3.175434910872186
0.5891652754590985,3.66425761524688,3.174698450078251
0.5908013355592654,3.663679728776808,3.173961462709156
0.5924373956594323,3.6630987567934263,3.1732235469366676
0.5940734557595992,3.6625177848100443,3.1724856311641787
0.5957095158597663,3.661936607306621,3.1717462623452204
0.5973455759599332,3.6613518440924326,3.1710067873057417
0.5989816360601001,3.6607670808782444,3.1702664685829047
0.6006176961602671,3.660182317664056,3.169525329365927
0.602253756260434,3.6595936082397924,3.1687840352931174
0.603889816360601,3.659004849817109,3.1680411263234958
0.6055258764607679,3.6584160913944257,3.167298217353874
0.6071619365609349,3.657823373607374,3.16655404431299
0.6087979966611018,3.657230412352908,3.1658092593079767
0.6104340567612687,3.6566374510984416,3.1650639464555947
0.6120701168614356,3.6560404375468156,3.164317178381449
0.6137061769616027,3.65544306199078,3.1635704103073037
0.6153422370617696,3.6548456864347445,3.1628218337148586
0.6169782971619365,3.6542440687497497,3.1620729747429985
0.6186143572621035,3.6536420633698694,3.161323081042774
0.6202504173622704,3.653040057989989,3.1605720225054506
0.6218864774624373,3.652433505541451,3.1598207725136893
0.6235225375626043,3.6518266505516133,3.159067404859153
0.6251585976627713,3.651219795561775,3.158314037204617
0.6267946577629382,3.6506079541040015,3.1575589692531727
0.6284307178631051,3.6499960252372694,3.1568031820003064
0.630066777963272,3.6493838183392153,3.1560465591324878
0.6317028380634391,3.648766586624931,3.155288240824875
0.633338898163606,3.648149354910647,3.1545299225172623
0.6349749582637729,3.6475313078324816,3.1537690519043813
0.6366110183639399,3.64690853936716,3.153008090063788
0.6382470784641068,3.646285770901839,3.1522454490230523
0.6398831385642737,3.6456614549441677,3.1514817301022866
0.6415191986644407,3.645032910655895,3.1507172613202497
0.6431552587646077,3.6444043663676227,3.14995067065538
0.6447913188647746,3.643773323371954,3.1491840799905106
0.6464273789649415,3.6431387587779853,3.1484147348442755
0.6480634390651084,3.642504194184017,3.147645156606167
0.6496994991652754,3.6418659348318294,3.146873740674687
0.6513355592654424,3.641225099789082,3.146101057819836
0.6529716193656093,3.6405842647463347,3.1453275008171966
0.6546076794657762,3.6399382667756486,3.1445515950378273
0.6562437395659432,3.6392909052237723,3.143775689258458
0.6578797996661101,3.638643400310272,3.1429965740552115
0.6595158597662771,3.63798925000698,3.142217325728611
0.6611519198664441,3.6373350997036886,3.1414357948235234
0.662787979966611,3.6366789739417573,3.140653082960575
0.6644240400667779,3.636017766190089,3.1398690512121283
0.6660601001669448,3.63535655843842,3.13908275340502
0.6676961602671118,3.6346911858795155,3.138296130762971
0.6693322203672788,3.63402264524669,3.137506123132043
0.6709682804674457,3.6333541046138644,3.136716115501115
0.6726043405676126,3.6326788186074235,3.1359229715781507
0.6742404006677796,3.632002662634958,3.1351291287178515
0.6758764607679465,3.6313246586955987,3.1343330712860418
0.6775125208681135,3.630640597600329,3.1335352662099587
0.6791485809682805,3.629956536505059,3.1327361876369126
0.6807846410684474,3.6292674519939987,3.131934291721844
0.6824207011686143,3.628575188359659,3.1311320785749834
0.6840567612687812,3.6278827363959283,3.13032596150402
0.6856928213689482,3.627181964854927,3.129519844433056
0.6873288814691152,3.626481193313926,3.128710024028528
0.6889649415692821,3.6257763347678025,3.127899553733104
0.690601001669449,3.625066741672831,3.1270862196959377
0.692237061769616,3.6243571485778596,3.1262712622968256
0.6938731218697829,3.6236389943935094,3.1254542805336043
0.6955091819699498,3.622920257478613,3.1246347002808066
0.6971452420701169,3.622197338345906,3.123813929884854
0.6987813021702838,3.6214691263766436,3.1229895890963646
0.7004173622704507,3.6207409144073814,3.1221648820887604
0.7020534223706176,3.6200030931806784,3.1213356410881534
0.7036894824707846,3.6192650655929963,3.120506400087547
0.7053255425709516,3.618521453786344,3.1196725592029817
0.7069616026711185,3.617773260313776,3.1188382762557962
0.7085976627712854,3.6170234599523448,3.1180000366484775
0.7102337228714524,3.6162647402411605,3.1171605678973484
0.7118697829716193,3.615506020529976,3.116317756541242
0.7135058430717862,3.6147387002804927,3.115472955939756
0.7151419031719533,3.613969083492409,3.114625391544119
0.7167779632721202,3.61319428621352,3.1137751107893354
0.7184140233722871,3.6124133906155906,3.112922603492182
0.720050083472454,3.6116305922228613,3.1120666919557975
0.721686143572621,3.610838024764157,3.1112090430070576
0.7233222036727879,3.610045457305453,3.1103473476651624
0.7249582637729549,3.6092420141681725,3.1094843490991697
0.7265943238731218,3.6084373700428785,3.1086167144605557
0.7282303839732888,3.6076243296825306,3.1077481487574903
0.7298664440734557,3.606807191879076,3.1068744167904723
0.7315025041736226,3.605983881912714,3.106000056526369
0.7331385642737897,3.60515382074857,3.105120066584074
0.7347746243739566,3.604319518201656,3.104239674068999
0.7364106844741235,3.603476090843434,3.1033532628130804
0.7380467445742904,3.6026300194723766,3.1024665897170745
0.7396828046744574,3.6017727694408785,3.1015735910398043
0.7413188647746243,3.6009140969210347,3.1006803780061682
0.7429549248747913,3.600042553580914,3.099780622950869
0.7445909849749582,3.5991703885550015,3.0988805991963626
0.7462270450751252,3.5982840665887164,3.0979739158761275
0.7478631051752921,3.59739745557058,3.097066798777646
0.749499165275459,3.5964958544363244,3.0961530122923016
0.751135225375626,3.59559377856501,3.0952385069595727
0.752771285475793,3.594676381938355,3.09431743931084
0.7544073455759599,3.5937577535774943,3.093395238144678
0.7560434056761268,3.592824028776474,3.0924667081494825
0.7576794657762937,3.591887687954069,3.0915364903851255
0.7593155258764607,3.5909370853474947,3.0906003135870104
0.7609515859766277,3.5899817960313127,3.0896617448220534
0.7625876460767946,3.589013748430122,3.088717733400639
0.7642237061769616,3.5880381946340894,3.0877704651070634
0.7658597662771285,3.587052116665586,3.086818427785515
0.7674958263772954,3.5860548983827925,3.0858620968053025
0.7691318864774623,3.585050185847675,3.084901838755746
0.7707679465776294,3.5840298148058833,3.083936066779552
0.7724040066777963,3.583004612145,3.0829673895263947
0.7740400667779632,3.5819607392539257,3.0819917825547507
0.7756761268781301,3.5809097893155055,3.081014483875848
0.7773121869782971,3.579845349611807,3.080028631662343
0.7789482470784641,3.578766893602783,3.079041144654295
0.780584307178631,3.5776810280440565,3.078045980963842
0.782220367278798,3.576573373575858,3.077047591236594
0.7838564273789649,3.575456891748069,3.0760431759529965
0.7854924874791318,3.574326543984913,3.0750334251541394
0.7871285475792987,3.5731773761484615,3.0740195400359034
0.7887646076794658,3.572017559652588,3.0729979512576038
0.7904006677796327,3.570839534433984,3.071973947638379
0.7920367278797996,3.5696433271792993,3.07094045091436
0.7936727879799665,3.568434168991729,3.0699038286068663
0.7953088480801335,3.5672052439845667,3.068860181221065
0.7969449081803004,3.5659555633418676,3.0678104082670496
0.7985809682804674,3.5646902894576042,3.066756374191597
0.8002170283806344,3.5634070296083054,3.0656928974541455
0.8018530884808013,3.5620966351010543,3.0646260149707136
0.8034891485809682,3.560767630880407,3.0635504803430096
0.8051252086811351,3.559418844597078,3.0624689719065636
0.8067612687813022,3.5580471436902172,3.061382313560686
0.8083973288814691,3.5566458755557826,3.0602855630801478
0.810033388981636,3.555221210543377,3.059184570768549
0.8116694490818029,3.5537717042752193,3.0580748925013896
0.8133055091819699,3.552295824424652,3.0569576190445353
0.8149415692821368,3.5507919468560307,3.055835557617928
0.8165776293823038,3.5492522723753823,3.054701793765389
0.8182136894824708,3.547681696116672,3.053562331016504
0.8198497495826377,3.546078370864862,3.0524161108498746
0.8214858096828046,3.5444403358794707,3.0512585128871255
0.8231218697829715,3.542765521616544,3.05009504651898
0.8247579298831386,3.5410517455807304,3.0489230576406388
0.8263939899833055,3.539296708164674,3.0477401977756426
0.8280300500834724,3.5374979884964373,3.046550755020557
0.8296661101836393,3.5356530403184023,3.0453518155379204
0.8313021702838063,3.5337591879239687,3.0441416251396385
0.8329382303839732,3.5318136221814806,3.0429240636648944
0.8345742904841402,3.5298133966780667,3.041696940994602
0.8362103505843071,3.5277554240195395,3.040457175400414
0.8378464106844741,3.5256351170978864,3.039209171452687
0.839482470784641,3.523441503387787,3.037952579764442
0.8411185308848079,3.5211781069733443,3.0366808060188406
0.8427545909849748,3.518841132181452,3.0353998418022035
0.8443906510851419,3.516418694574843,3.0341093523721616
0.8460267111853088,3.5139035972995303,3.032806023162603
0.8476627712854757,3.511299002139134,3.0314893734148884
0.8492988313856427,3.5085781647817558,3.030162115160734
0.8509348914858096,3.5057513621689282,3.0288238562069507
0.8525709515859766,3.502793952425439,3.0274705693738926
0.8542070116861435,3.4996995329868374,3.0261034947805294
0.8558430717863105,3.4964572351936773,3.024724191023264
0.8574791318864774,3.4930493359436023,3.023332201988158
0.8591151919866443,3.4894569406635063,3.021925521975137
0.8607512520868112,3.4856600892303686,3.0205017709347075
0.8623873121869783,3.4816379049211545,3.0190639456627117
0.8640233722871452,3.477368790244126,3.017611519025105
0.8656594323873121,3.47280844678598,3.016143941654717
0.8672954924874791,3.4679385074574522,3.0146603244330263
0.868931552587646,3.4627129682433475,3.0131567023349084
0.8705676126878129,3.4570862153227657,3.0116363068034215
0.8722036727879799,3.4510149353136215,3.010098507173187
0.8738397328881469,3.444448755799263,3.00854264721595
0.8754757929883138,3.4373351533958627,3.0069680443057276
0.8771118530884807,3.4296254945922664,3.005373988561172
0.8787479131886476,3.4212843542366485,3.003759741964976
0.8803839732888147,3.4122870426806253,3.0021239733214093
0.8820200333889816,3.4026371302984795,3.0004650479192536
0.8836560934891485,3.392367512450908,2.9987838379918137
0.8852921535893155,3.3815375507628214,2.9970795038710687
0.8869282136894824,3.3702295536976536,2.9953511737474137
0.8885642737896493,3.3585356272025044,2.993597942670328
0.8902003338898163,3.346546387992598,2.9918188715261946
0.8918363939899833,3.3343413866077984,2.990012985993499
0.8934724540901502,3.321986041461872,2.9881792754756917
0.8951085141903171,3.3095291396245115,2.9863166920121085
0.896744574290484,3.297005757142155,2.984424149167404
0.8983806343906511,3.284440000020283,2.9825005209000732
0.900016694490818,3.2718478552795314,2.980544285283336
0.9016527545909849,3.259239619462549,2.9785518253330787
0.9032888146911519,3.246621759972496,2.976524058822812
0.9049248747913188,3.233998249573697,2.974459659205903
0.9065609348914857,3.2213714792195423,2.972357253420722
0.9081969949916527,3.2087428604017,2.9702154206378815
0.9098330550918197,3.1961132111073516,2.968032690995118
0.9114691151919866,3.1834829969129164,2.9658006859687216
0.9131051752921535,3.170852478165651,2.963523590833581
0.9147412353923204,3.158221797928575,2.9612000348512866
0.9163772954924874,3.1455910334661894,2.958824566209878
0.9180133555926544,3.132960225788961,2.956392182886977
0.9196494156928213,3.1203293963070307,2.953907028776439
0.9212854757929883,3.1076985560093164,2.9513583917097437
0.9229215358931552,3.0950677104278372,2.9487478876879245
0.9245575959933221,3.0824368623070173,2.946070158307937
0.9261936560934891,3.069806012985598,2.9433211898111145
0.9278297161936561,3.0571751631057342,2.9404958607536176
0.929465776293823,3.0445443129703187,2.9375940528159585
0.9311018363939899,3.031913462719853,2.9346005508260933
0.9327378964941568,3.0192826124184267,2.9315190124959485
0.9343739565943238,3.0066517620947932,2.92834178061679
0.9360100166944908,2.9940209117616376,2.9250592066061127
0.9376460767946577,2.9813900614244666,2.9216619955219945
0.9392821368948246,2.968759211085629,2.9181450201009587
0.9409181969949916,2.95612836074611,2.914498603287603
0.9425542570951585,2.943497510406318,2.9107124853119397
0.9441903171953254,2.930866660066418,2.9067707727344483
0.9458263772954925,2.9182358097264753,2.9026625710708682
0.9474624373956594,2.9056049593865168,2.898377079027737
0.9490984974958263,2.892974109046553,2.8938903863100816
0.9507345575959932,2.8803432587065863,2.889190872325553
0.9523706176961602,2.867712408366619,2.884246456681594
0.9540066777963272,2.8550815580266495,2.879040050982589
0.9556427378964941,2.842450707686682,2.873541721991579
0.957278797996661,2.8298198573467146,2.8677199604798957
0.958914858096828,2.8171890070067467,2.8615297398795905
0.9605509181969949,2.804558156666779,2.8549388033809144
0.9621869782971618,2.791927306326811,2.847889951330729
0.9638230383973289,2.7792964559868425,2.8403260881963512
0.9654590984974958,2.766665605646875,2.832188991531027
0.9670951585976627,2.7540347553069067,2.823406257846091
0.9687312186978296,2.741403904966939,2.8139051375575317
0.9703672787979966,2.7287730546269713,2.8035998270414098
0.9720033388981636,2.716142204287003,2.792422615969862
0.9736393989983305,2.703511353947035,2.7803015558534456
0.9752754590984974,2.690880503607067,2.7672000704875064
0.9769115191986644,2.6782496532670996,2.7531022644349785
0.9785475792988313,2.6656188029271317,2.7380451934903856
0.9801836393989982,2.652987952587164,2.722107648966869
0.9818196994991653,2.640357102247195,2.705404421913663
0.9834557595993322,2.627726251907227,2.688075355937177
0.9850918196994991,2.6150954015672596,2.6702598038601004
0.986727879799666,2.6024645512272913,2.652085565456083
0.988363939899833,2.589833700887324,2.633658519274305
0.99,2.5772028505473554,2.615059804472654
