stoichiometry,U_R3m_V,U_C2m_V,U_effective_V,dUdx_R3m_from_sech2,dUdx_C2m_from_sech2,dUdx_effective_from_sech2,relative_dQdV_effective
0.01,4.65,3.564106481756391,4.237360463067429,-4.137161378503936,-2.744188582211004,-3.6078317159126216,-0.2771747904951948
0.011636060100166944,4.65,3.5596177885402827,4.235654759645307,-4.136461385867413,-2.7429980640306098,-3.606945323569428,-0.27724290508800986
0.01327212020033389,4.65,3.555131102145334,4.233949818815227,-4.135701816825857,-2.7417346251139088,-3.605994283975317,-0.277316024721365
0.014908180300500834,4.65,3.5506465454821448,4.232245687283215,-4.1348776050182945,-2.7403938111817823,-3.6049737633604195,-0.2773945292372497
0.01654424040066778,4.65,3.546164248968096,4.230542414607877,-4.133983254088717,-2.7389708972237057,-3.6038785584800124,-0.27747882837144333
0.018180300500834724,4.65,3.541684350983475,4.2288400533737205,-4.133012801348159,-2.7374608712063497,-3.6027030678942715,-0.27756936421199035
0.01981636060100167,4.65,3.5372069983550425,4.227138659374916,-4.131959778394266,-2.7358584168222957,-3.601441260996917,-0.2776666138720223
0.021452420701168616,4.65,3.532732346868644,4.225438291810084,-4.130817168438642,-2.7341578952249024,-3.600086644617421,-0.27777109239721354
0.02308848080133556,4.65,3.5282605618125693,4.2237390134887765,-4.129577360072765,-2.7323533256926726,-3.5986322270083297,-0.27788335593029895
0.0247245409015025,4.65,3.5237918185534625,4.222040891050316,-4.1282320971822415,-2.7304383651636703,-3.5970704790151844,-0.27800400515749213
0.026360601001669447,4.65,3.519326303146684,4.22034399519574,-4.126772424696874,-2.7284062865776826,-3.5953932922115817,-0.2781336890643428
0.027996661101836393,4.65,3.5148642129831247,4.218648400933588,-4.125188629840063,-2.726249955960857,-3.593591933765965,-0.27827310903161817
0.02963272120200334,4.65,3.510405757474583,4.216954187840342,-4.123470178515751,-2.7239618081845087,-3.5916569977898787,-0.2784230233052178
0.031268781302170284,4.65,3.5059511587799403,4.215261440336377,-4.121605646444008,-2.721533821326736,-3.5895783528994447,-0.27858425187801245
0.03290484140233723,4.65,3.501500652574471,4.213570247978299,-4.1195826446278145,-2.718957489562289,-3.587345085702915,-0.27875768182587796
0.03454090150250417,4.65,3.497054488864769,4.211880705768612,-4.117387738703234,-2.7162237945029952,-3.584945439907143,-0.2789442731451729
0.036176961602671115,4.65,3.4926129328518765,4.210192914483713,-4.115006361693306,-2.713323174907795,-3.5823667507148116,-0.2791450651445623
0.03781302170283806,4.65,3.4881762658453677,4.208506981021239,-4.112422719652347,-2.710245494678248,-3.5795953741621895,-0.27936118345053224
0.03944908180300501,4.65,3.4837447862312514,4.206823018767875,-4.10961968965226,-2.70698000905216,-3.576616611024222,-0.27959384769329076
0.04108514190317195,4.65,3.4793188104967245,4.205141147988755,-4.106578709525726,-2.703515328904809,-3.5734146248897773,-0.27984437994816935
0.0427212020033389,4.65,3.4748986743149315,4.203461496239674,-4.103279658743231,-2.699839383064186,-3.569972353985194,-0.2801142140172852
0.044357262103505844,4.65,3.4704847336930778,4.201784198803369,-4.099700729761572,-2.6959393785436756,-3.566271416298772,-0.2804049056473224
0.04599332220367279,4.65,3.4660773661873736,4.200109399151202,-4.095818289141453,-2.691801758592771,-3.562292007532954,-0.2807181437920763
0.04762938230383973,4.65,3.4616769721884655,4.198437249431617,-4.091606727690988,-2.687412158463843,-3.558012791384673,-0.28105576304317603
0.049265442404006675,4.65,3.4572839762811665,4.196767910986843,-4.087038298851089,-2.68275535879056,-3.5534107816280884,-0.2814197573695163
0.05090150250417362,4.65,3.4528988286825006,4.195101554899351,-4.082082944498175,-2.67781523647157,-3.5484612154480653,-0.2818122953258007
0.05253756260434057,4.65,3.4485220067622135,4.193438362569641,-4.076708107300211,-2.6725747129514135,-3.543137417447668,-0.2822357369137433
0.05417362270450751,4.65,3.4441540166500975,4.191778526327037,-4.070878528724565,-2.667015699789458,-3.537410653729224,-0.2826926523065044
0.05580968280467446,4.65,3.4397953949346696,4.1901222500751745,-4.0645560317616,-2.661119041407119,-3.5312499754268973,-0.28318584267858543
0.0574457429048414,4.65,3.435446710457897,4.188469749974001,-4.057699287397619,-2.654864454903723,-3.5246220510499384,-0.28371836342058665
0.05908180300500834,4.65,3.4311085662108662,4.18682125516013,-4.050263563846229,-2.6482304668323327,-3.517490986980949,-0.2842935500620278
0.06071786310517529,4.65,3.4267816013354375,4.185177008507466,-4.042200457530341,-2.641194346828769,-3.5098181354637434,-0.28491504727719247
0.062353923205342235,4.65,3.4224664932371454,4.183537267430115,-4.033457604800044,-2.6337320379900664,-3.5015618894122524,-0.28558684141032076
0.06398998330550917,4.65,3.418163959814724,4.181902304729595,-4.023978373377211,-2.6258180839029666,-3.4926774633769986,-0.2863132970294716
0.06562604340567613,4.65,3.4138747618118237,4.180272409488493,-4.013701532539047,-2.617425552228868,-3.483116660021179,-0.28709919810550344
0.06726210350584307,4.65,3.409599705296625,4.178647888012717,-4.002560901093656,-2.608525954759249,-3.472827621486581,-0.28794979451699343
0.06889816360601,4.65,3.405339644275185,4.17702906482457,-3.9904849722655804,-2.5990891638651368,-3.461754565073412,-0.2888708547073999
0.07053422370617696,4.65,3.4010954834444695,4.175416283708898,-3.977396514703191,-2.5890833252760452,-3.4498375027208756,-0.2898687254722297
0.0721702838063439,4.65,3.3968681810911354,4.173809908814631,-3.9632121489490806,-2.578474767138265,-3.4370119438609708,-0.29095040003749567
0.07380634390651084,4.65,3.392658752142145,4.1722103258140155,-3.9478418988861446,-2.567227905319759,-3.423208581330918,-0.29212359581407904
0.07544240400667779,4.65,3.3884682713734056,4.170617943121894,-3.931188717894106,-2.555305144949688,-3.408352960175227,-0.29339684348553763
0.07707846410684473,4.65,3.38429787678256,4.1690331931773725,-3.913147989733365,-2.5426667782050894,-3.39236512935262,-0.2947795894219778
0.07871452420701168,4.65,3.380148773132054,4.1674565337901806,-3.893607004526037,-2.5292708783860465,-3.3751592765928407,-0.2962823138259362
0.08035058430717862,4.65,3.3760222356684837,4.165888449554024,-3.8724444106404166,-2.5150731903542245,-3.3566433469316634,-0.2979166675286216
0.08198664440734557,4.65,3.3719196140240997,4.164329453329158,-3.849529643818963,-2.500027017448649,-3.3367186457982436,-0.2996956309934157
0.08362270450751251,4.65,3.367842336306097,4.1627800877963175,-3.824722335537332,-2.484083105037528,-3.3152794279474067,-0.30163369988367206
0.08525876460767945,4.65,3.3637919133790324,4.161240927084032,-3.797871703360779,-2.467189520916589,-3.2922124740319867,-0.3037471025602718
0.0868948247078464,4.65,3.3597699433453174,4.15971257847122,-3.768815926994686,-2.449291532823562,-3.267396657209659,-0.3060540561530706
0.08853088480801334,4.65,3.355778116228244,4.158195684166733,-3.7373815148298726,-2.4303314834057947,-3.240702502888723,-0.30857506948219166
0.0901669449081803,4.65,3.3518182188613745,4.156690923167322,-3.703382667085072,-2.410248663054585,-3.2119917455534868,-0.3113333032017743
0.09180300500834723,4.65,3.347892139987388,4.155199013195207,-3.6666206431745607,-2.3889791811064613,-3.181116887588683,-0.3143550002521314
0.09343906510851419,4.65,3.344001875568595,4.153720712716066,-3.6268831427060646,-2.366455836009397,-3.147920766161331,-0.3176700032445321
0.09507512520868112,4.65,3.340149534310229,4.152256823037887,-3.583943711571952,-2.3426079851619335,-3.112236135536145,-0.32131238005426277
0.09671118530884806,4.65,3.3363373433964107,4.150808190490636,-3.53756118696463,-2.317361415256369,-3.073885273715491,-0.3253211850653333
0.09834724540901502,4.65,3.332567654437164,4.149375708686122,-3.4874791978543986,-2.290638214094928,-3.0326796240258,-0.32974139176380496
0.09998330550918196,4.65,3.3288429496231964,4.147960320856814,-3.433425740541902,-2.262356645001169,-2.988419484236424,-0.33462504353049743
0.10161936560934891,4.65,3.325165848083158,4.1465630222716,-3.3751128523617857,-2.2324310251192006,-2.9408937580096035,-0.34003268471581916
0.10325542570951585,4.65,3.3215391124358367,4.145184862725618,-3.3122364104868645,-2.2007716090817016,-2.8898797859529024,-0.34603515511641336
0.10489148580968279,4.65,3.317965655527138,4.143826949100312,-3.2444760870720675,-2.1672844797354855,-2.8351432762841666,-0.35271586038171354
0.10652754590984974,4.65,3.3144485473387975,4.142490447988743,-3.171495496680538,-2.131871447841744,-2.7764383581217964,-0.3601736725307597
0.10816360601001668,4.65,3.3109910220523835,4.141176588379905,-3.0929425770289343,-2.0944299629179457,-2.7135077836667585,-0.3685266745941306
0.10979966611018363,4.65,3.307596485248402,4.139886664394393,-3.008450249530114,-2.0548530376609118,-2.6460833090198173,-0.3779170506806257
0.11143572621035057,4.65,3.3042685212161067,4.13862203806212,-2.9176374118234762,-2.0130291886863834,-2.573886287031381,-0.3885175522471743
0.11307178631051752,4.65,3.3010109003448536,4.137384142131045,-2.820110320352184,-1.968842396640043,-2.49662850934157,-0.4005401669725095
0.11470784641068446,4.65,3.2978275865625735,4.136174482893778,-2.7154644269104224,-1.922172089078626,-2.41401333853434,-0.4142479182021201
0.1163439065108514,4.65,3.294722744781087,4.134994643016813,-2.6032867387223395,-1.8728931498871633,-2.3257371749649725,-0.4299711982782667
0.11797996661101835,4.65,3.2917007483015004,4.13384628435457,-2.483158776737932,-1.8208759593888062,-2.2314913061452644,-0.4481308070733315
0.11961602671118529,4.65,3.2887661861257826,4.132731150727798,-2.3546602110687442,-1.765986469715591,-2.130964189354546,-0.46927114261028147
0.12125208681135224,4.65,3.2859238701128146,4.131651070642869,-2.2173732553751777,-1.7080863204397034,-2.023844220099697,-0.49410917602676885
0.12288814691151918,4.65,3.2831788419086356,4.130607959925282,-2.0708879029923875,-1.6470329999120294,-1.9098230398218514,-0.5236087214097491
0.12452420701168614,4.65,3.28053637957135,4.129603824237114,-1.9148080859694032,-1.5826800582137255,-1.7885994354222459,-0.5590966765367025
0.12616026711185307,4.65,3.2780020038011033,4.128640761444419,-1.7487588332120165,-1.5148773780914073,-1.659883880266185,-0.6024517810484649
0.12779632721202003,4.65,3.2755814836747246,4.127720963796396,-1.5723944946739543,-1.4434715107101188,-1.523403760767697,-0.6564247941045286
0.12943238731218698,4.65,3.2732808417731007,4.126846719873779,-1.3854080840536867,-1.3683060835113894,-1.3789093238476138,-0.7252108479545767
0.1310684474123539,4.65,3.2711063585770557,4.126020416259282,-1.1875417716857535,-1.2892222878952067,-1.2261803678453456,-0.8155407036545598
0.13270450751252086,4.65,3.2690645759945363,4.125244538877924,-0.9785985312131056,-1.2060594548412769,-1.0650336821918107,-0.9389374408723177
0.1343405676126878,4.65,3.2671622998683807,4.124521673949984,-0.7584549071932821,-1.118655726930369,-0.8953312186933751,-1.1169050951438688
0.13597662771285476,4.65,3.265406601299802,4.123854508493925,-0.5270748251776116,-1.0268488355020515,-0.7169889491008987,-1.3947216358829464
0.1376126878130217,4.65,3.263804816608331,4.123245830311166,-0.2845243104311708,-0.9304769918688429,-0.5299863293774862,-1.8868411213070053
0.13924874791318864,4.65,3.262364545734243,4.122698527379012,-0.030986916170946902,-0.8293799015735793,-0.3343762506239472,-2.990643020052999
0.1408848080133556,4.65,3.2610936488748656,4.122215586572449,0.23322041257769352,-0.7233999105981895,-0.13029531022914204,-7.674873318474502
0.14252086811352255,4.65,3.2600002411317477,4.121800091630064,0.5076313964573717,-0.6123832921761734,0.08202581477662454,12.191283960095168
0.14415692821368947,4.65,3.259092684931897,4.121455220274121,0.7916148466716136,-0.4961816823927596,0.3022521656271518,3.3084957321151727
0.14579298831385643,4.65,3.2583795799734148,4.121184240389898,1.0843599952402383,-0.37465367203762334,0.5299348016746508,1.8870245864960988
0.14742904841402338,4.65,3.2578697504344762,4.120990505165101,1.384863358503005,-0.24766656116421942,0.7645019890294598,1.3080410703306429
0.1490651085141903,4.65,3.257572229175042,4.120877447086516,1.6919178437593387,-0.11509828146405898,1.0052517161744476,0.994775720259963
0.15070116861435726,4.65,3.2574962386537445,4.120848570688423,2.0041048756666546,0.02316051016043226,1.2513460167742902,0.7991394758883654
0.1523372287145242,4.65,3.257651168278501,4.12090744394583,2.3197903620521836,0.1672041655888187,1.5018076073961049,0.6658642525681706
0.15397328881469116,4.65,3.2580465479094842,4.121057688205604,2.63712532898196,0.31710960841944785,1.7555193551682053,0.569631999246277
0.1556093489148581,4.65,3.258692017237824,4.121302966550373,2.9540520230482947,0.4729337303465647,2.0112270718216374,0.4972088999847569
0.15724540901502504,4.65,3.2595972907736437,4.121646970493985,3.2683161964149536,0.6347106291299791,2.2675460808466634,0.4410053707162665
0.158881469115192,4.65,3.2607721181937985,4.1220934049136435,3.577486150526286,0.8024487005264132,2.5229719195263343,0.39635795874721474
0.16051752921535892,4.65,3.2622262398237134,4.122645971133011,3.878978913843377,0.9761276013414193,2.7758954150926334,0.36024411963180153
0.16215358931552587,4.65,3.2639693370601277,4.1233083480828485,4.170093667977809,1.1556951061184588,3.024622214471256,0.330619802769257
0.16378964941569282,4.65,3.266010977583135,4.1240841714815915,4.448052220832195,1.3410638858828199,3.2673966535514323,0.3060540564957333
0.16542570951585978,4.65,3.2683605552575656,4.124977010997875,4.710045966462078,1.5321082437533953,3.502429631832779,0.28551608600818973
0.1670617696160267,4.65,3.27102722468625,4.125990345380775,4.953288387158514,1.728660849046369,3.727929922675899,0.26824538570784145
0.16869782971619365,4.65,3.2740198304515764,4.127127535571599,5.175071767242807,1.9305095186104493,3.9421381127625112,0.25366944825259696
0.1703338898163606,4.65,3.27734683116744,4.128391795843627,5.372826428237428,2.1373941014051168,4.143362144041149,0.24134989055643324
0.17196994991652753,4.65,3.281016218561264,4.12978616305328,5.544180491776177,2.349003529572886,4.330013246138926,0.2309461757170605
0.17360601001669448,4.65,3.2850354319150155,4.131313464127706,5.6870179597777994,2.5649731062338472,4.500640915431098,0.2221905765846272
0.17524207011686144,4.65,3.2894112683143915,4.132976281959468,5.799532797338793,2.7848821066736438,4.653965534886037,0.21487052117253963
0.1768781302170284,4.65,3.2941497892855196,4.134776919928497,5.880276731890085,3.008251775193051,4.788907248345212,0.20881590478611714
0.17851419031719531,4.65,3.299256224536888,4.136717365324017,5.928198651980585,3.2345438042913663,4.904609809858682,0.20388981769557185
0.18015025041736227,4.65,3.304734873668607,4.138799251994071,5.94267379831361,3.4631593856931087,5.0004583215178195,0.1999816688196021
0.18178631051752922,4.65,3.31058900685852,4.141023822606238,5.92352137344673,3.693438923608521,5.076090042508211,0.19700202156104335
0.18342237061769615,4.65,3.3168207656817623,4.1433918909590695,5.871009728012386,3.924662499152358,5.1313977810455755,0.19487867490877692
0.1850584307178631,4.65,3.323431065362772,4.145903804837854,5.7858488738452465,4.156051170660194,5.166525746634926,0.1935536662429917
0.18669449081803005,4.65,3.3304194998919727,4.148559409958949,5.669170685205502,4.386769187404647,5.181858116041177,0.19298096891235947
0.18833055091819698,4.65,3.3377842515579044,4.151358015592004,5.522497733676704,4.61592718365859,5.178000924669821,0.19312472410648823
0.18996661101836393,4.65,3.34552200654417,4.154298362486784,5.347702218321076,4.842586406002748,5.155758209640111,0.19395789316307044
0.19160267111853088,4.65,3.353627878313144,4.157378593758994,5.146956865270407,5.065764009174849,5.116103579954094,0.19546124983047602
0.19323873121869783,4.65,3.3620953405393905,4.160596229404968,4.922679955326891,5.284439434694914,5.060148557486739,0.19762265645747706
0.19487479131886476,4.65,3.370916171359585,4.163948145116642,4.6774767817368454,5.49756186222989,4.989109112324202,0.20043658646987272
0.1965108514190317,4.65,3.3800804106675053,4.167430556053652,4.4140798430742,5.704058696619587,4.904271807421447,0.20390386978281635
0.19814691151919867,4.65,3.389576332098409,4.171039006197395,4.13528994968897,5.902845024301652,4.80696087804179,0.2080316493874545
0.1997829716193656,4.65,3.399390431213825,4.174768363861253,3.8439201873322673,6.0928339423645745,4.698507414244544,0.21283354730233758
0.20141903171953254,4.65,3.4095074312142124,4.178612823861401,3.542744365588347,6.272947632614478,4.580221607058277,0.2183300472752161
0.2030550918196995,4.65,3.419910307273422,4.182565916763901,3.23445121187041,6.442129023001697,4.453368780100299,0.2245491108817352
0.20469115191986645,4.65,3.4305803303076403,4.186620525516903,2.9216051840694193,6.5993538507584955,4.319149677411268,0.23152705386199107
0.20632721202003337,4.65,3.441497130667106,4.1907689096535,2.6066143937746062,6.74364291694184,4.178685232578156,0.23930972168081258
0.20796327212020033,4.65,3.452638781877672,4.195002737113516,2.291705779857794,6.87407430203239,4.03300581828414,0.2479540186791633
0.20959933222036728,4.65,3.46398190416991,4.199313123584566,1.978907365822664,6.989795298003075,3.88304478005122,0.25752986551620694
0.2112353923205342,4.65,3.4755017871262757,4.203690679107985,1.6700371841715789,7.090033804866556,3.72963590003567,0.2681226872549237
0.21287145242070116,4.65,3.4871725303636345,4.208125561538181,1.3666982617908838,7.174108939932337,3.573514319484636,0.27983657279543733
0.2145075125208681,4.65,3.498967200762286,4.212607536289669,1.0702789316122954,7.241440616345887,3.41532037181106,0.29279830034501997
0.21614357262103506,4.65,3.510858004366773,4.217126041659373,0.7819576632365514,7.291557864085292,3.2556057395590727,0.3071625006212934
0.217779632721202,4.65,3.5228164707318,4.221670258878084,0.5027115817203437,7.324105691215035,3.0948413433283264,0.32311834083376845
0.21941569282136894,4.65,3.534813647180967,4.2262291859287675,0.23332786064688865,7.338850315210001,2.9334263933808717,0.3408982759057631
0.2210517529215359,4.65,3.546820300198233,4.230791714075329,-0.025582776343626983,7.33568263255516,2.771698079037912,0.36078965727288426
0.22268781302170282,4.65,3.558807120991347,4.235346705976712,-0.2735711412467365,7.314619838254909,2.6099414309638886,0.3831503604395773
0.22432387312186977,4.65,3.5707449321598737,4.239883074220752,-0.510333866322693,7.275805153734843,2.4483989612991706,0.4084301683698557
0.22595993322203672,4.65,3.582604892372079,4.24438985910139,-0.7356974086745934,7.219505670086848,2.287279761254754,0.4372005632802088
0.22759599332220368,4.65,3.594358696005903,4.248856304482243,-0.9496022041229065,7.146108361804814,2.126767810929627,0.47019707316469683
0.2292320534223706,4.65,3.6059787648375763,4.253271930638279,-1.1520873114978845,7.056114372207305,1.9670293283100877,0.5083808286982274
0.23086811352253755,4.65,3.6174384290620814,4.257626603043591,-1.3432758068131607,6.950131713887342,1.8082190510530303,0.5530303418812241
0.2325041736227045,4.65,3.6287120951950618,4.261910596174124,-1.5233611136906775,6.828866564223195,1.6504854039165942,0.6058823650466734
0.23414023372287143,4.65,3.6397753987258255,4.266114651515814,-1.6925943929349119,6.693113365972907,1.4939745554500596,0.6693554427362721
0.23577629382303839,4.65,3.6506053397541063,4.2702300291065605,-1.8512730606115064,6.543743965355614,1.3388334092559997,0.7469189169365799
0.23741235392320534,4.65,3.6611804002362227,4.274248552089764,-1.9997304601228172,6.381696034272685,1.1852116077474737,0.8437311898256943
0.2390484140233723,4.65,3.671480641875881,4.278162643912835,-2.1383266789525823,6.207961029312634,1.0332626501882,0.9678081365061036
0.24068447412353922,4.65,3.681487784107573,4.281965357960877,-2.2674404740897147,6.023571938162179,0.8831442425660048,1.1323178613433147
0.24232053422370617,4.65,3.691185262023799,4.285650399569043,-2.387462250624212,5.829591054596658,0.7350180053597186,1.3605108891320272
0.24395659432387312,4.65,3.7005582644796613,4.289212140502271,-2.498788024581156,5.627098007213409,0.5890486675007787,1.6976525967587865
0.24559265442404005,4.65,3.7095937529598175,4.292645626124731,-2.6018142926908636,5.417178245583842,0.44540287185352456,2.245158401962124
0.247228714524207,4.65,3.7182804621054757,4.29594657560008,-2.6969337275194745,5.200912161756836,0.3042477104055237,3.2867954820995253
0.24886477462437395,4.65,3.7266088830669983,4.2991113755654595,-2.7845316153340267,4.979364996336414,0.16574909710074048,6.033215368842769
0.2505008347245409,4.65,3.734571231067191,4.302137067805533,-2.8649829554854285,4.753577647964341,0.030070073825483767,33.25565496791433
0.2521368948247078,4.65,3.742161398729395,4.30502133151717,-2.9386501433084797,4.52455847418051,-0.1026308686626638,-9.743657176739761
0.2537729549248748,4.65,3.7493748968436598,4.307762460800591,-3.005881163015477,4.293276141409821,-0.23220138733386353,-4.306606482769119
0.2554090150250417,4.65,3.7562087843149725,4.31035933803969,-3.0670082223538864,4.060653553177263,-0.3584967476520493,-2.78942558488866
0.25704507512520863,4.65,3.76266158906329,4.312811403844051,-3.1223467665547333,3.827562859347216,-0.4813811087119926,-2.0773561361301653
0.2586811352253756,4.65,3.7687332216301,4.315118624219438,-3.1721948150410437,3.5948215257926748,-0.6007286055242307,-1.6646452171648158
0.26031719532554254,4.65,3.774424883195693,4.3172814556143635,-3.2168325702868263,3.3631894238081963,-0.7164242125307176,-1.395821054773639
0.2619532554257095,4.65,3.7797389696306336,4.319300808459641,-3.2565222539648113,3.133366881992671,-0.8283643823009679,-1.2071982105535195
0.26358931552587644,4.65,3.784678973100148,4.321178009778056,-3.2915081309895378,2.9059936302887768,-0.936457461703778,-1.067854164118265
0.26522537562604337,4.65,3.7892493826167324,4.3229147653943585,-3.322016687182946,2.681648556280915,-1.040623894666679,-0.9609619816776442
0.26686143572621035,4.65,3.793455584800039,4.3245131222240145,-3.3482569310221844,2.4608501875198914,-1.1407962259761955,-0.8765807400390774
0.2684974958263773,4.65,3.7973037659587945,4.325975431064342,-3.3704207942567246,2.2440578102703017,-1.2369189245364545,-0.8084604254678682
0.27013355592654426,4.65,3.8008008164620444,4.327304310255577,-3.3886836101030107,2.031673134320819,-1.3289480472219553,-0.7524748631749818
0.2717696160267112,4.65,3.8039542382200255,4.32850261052361,-3.4032046512508107,1.8240424149780936,-1.4168507660838272,-0.7057906336628508
0.2734056761268781,4.65,3.8067720559521407,4.329573381261813,-3.414127713065785,1.621458946689299,-1.5006047823588533,-0.6663979828373364
0.2750417362270451,4.65,3.8092627327832056,4.330519838457619,-3.4215817301718374,1.4241658475212555,-1.580197650648462,-0.6328322280378231
0.276677796327212,4.65,3.8114350905817043,4.331345334421048,-3.425681417072618,1.2323590595968539,-1.6556260359382189,-0.6040011320752846
0.27831385642737894,4.65,3.8132982353365854,4.332053329427902,-3.4265279256526604,1.0461904972157294,-1.7268949249626722,-0.5790740279242037
0.2799499165275459,4.65,3.8148614877631717,4.332647365350005,-3.4242095143140867,0.8657712814650506,-1.7940168119180147,-0.5574083773110702
0.28158597662771284,4.65,3.8161343192345867,4.333131041309143,-3.418802225182166,0.691175007396978,-1.8570108768020912,-0.5384998076705255
0.28322203672787977,4.65,3.8171262930528056,4.333507991360066,-3.410370567278311,0.5224409970946298,-1.9159021728165933,-0.5219473176596938
0.28485809682804675,4.65,3.8178470110028977,4.333781864181101,-3.3989682048359815,0.3595774989912608,-1.9707208373816294,-0.5074285413902844
0.2864941569282137,4.65,3.818306065074681,4.333956304728379,-3.384638651044491,0.20256480050998021,-2.021501339453792,-0.49468183892977247
0.2881302170283806,4.65,3.818512994187364,4.334034937791198,-3.367415968466276,0.05135822735283872,-2.0682817740550123,-0.4834931161431788
0.2897662771285476,4.65,3.818477245713829,4.334021353371255,-3.3473254782000783,-0.09410899148116894,-2.1111032132468925,-0.473685982629903
0.2914023372287145,4.65,3.8182081415713975,4.333919093797131,-3.3243844805681304,-0.23392300867194965,-2.1500091212475816,-0.4651143058498896
0.29303839732888143,4.65,3.8177148486239587,4.333731642477105,-3.298602990699195,-0.36818680464406023,-2.1850448399982434,-0.45765651198297785
0.2946744574290484,4.65,3.817006353125681,4.333462414187759,-3.269984492867681,-0.49701780176246196,-2.2162571502476975,-0.4512111782192044
0.29631051752921533,4.65,3.816091438927863,4.333114746792588,-3.2385267178353176,-0.6205456501981379,-2.2436939121331894,-0.44569359242466866
0.2979465776293823,4.65,3.8149786691672527,4.332691894283556,-3.204222447726642,-0.738910186031778,-2.2674037882825937,-0.4410330463271533
0.29958263772954924,4.65,3.8136763711552892,4.3321970210390095,-3.1670603531505725,-0.8522595596858611,-2.287436051633982,-0.4371706913011496
0.30121869782971616,4.65,3.812192624192554,4.33163319719317,-3.127025867352287,-0.9607485307518688,-2.303840479444128,-0.4340578303586716
0.30285475792988314,4.65,3.8105352500405787,4.33100339501542,-3.08410210213514,-1.0645369236658566,-2.3166673343168123,-0.4316545518586082
0.30449081803005007,4.65,3.8087118057932363,4.33031048620143,-3.038270810120954,-1.1637882374387876,-2.3259674325017308,-0.42992863357696903
0.306126878130217,4.65,3.8067295789018782,4.329557239982714,-2.989513397606507,-1.2586684017233862,-2.331792299170921,-0.42885466272255657
0.307762938230384,4.65,3.8045955841215897,4.328746321966204,-2.9378119918101526,-1.3493446708541843,-2.3341944098468845,-0.42841333000433185
0.3093989983305509,4.65,3.802316562159954,4.327880293620782,-2.8831505656692897,-1.4359846470920092,-2.3332275166099232,-0.4285908651775871
0.3110350584307178,4.65,3.79989897982426,4.326961612333219,-2.825516122530117,-1.5187554241006234,-2.3289470571269097,-0.42937858846548593
0.3126711185308848,4.65,3.797349031477833,4.325992631961577,-2.76489994204883,-1.5978228416473204,-2.3214106438962565,-0.4307725574660068
0.31430717863105173,4.65,3.794672641630806,4.3249756038197065,-2.701298887381125,-1.673350842620374,-2.3106786303720397,-0.4327732930299317
0.31594323873121866,4.65,3.7918754685051135,4.3239126780319435,-2.6347167722597593,-1.7455009236666015,-2.2968147497943594,-0.4353855704250998
0.31757929883138564,4.65,3.7889629084274294,4.322805905202423,-2.5651657848353673,-1.8144316710476953,-2.279886821596052,-0.43861826408555776
0.31921535893155256,4.65,3.785940100917274,4.321657238348564,-2.492667963175221,-1.8802983736737184,-2.25996751916465,-0.4424842355122118
0.32085141903171954,4.65,3.7828119343503204,4.320468535053122,-2.417256715075427,-1.9432527056779383,-2.2371351915043816,-0.44700025452084596
0.32248747913188647,4.65,3.7795830520890856,4.319241559793852,-2.3389783723488673,-2.0034424713337584,-2.211474729963126,-0.4521869440564098
0.3241235392320534,4.65,3.7762578589845726,4.317977986414138,-2.2578937670174466,-2.061011405569381,-2.1830784696671817,-0.45806873820364946
0.3257595993322204,4.65,3.772840528163124,4.316679400701987,-2.174079813888515,-2.1160990237980526,-2.1520471136541395,-0.4646738417831462
0.3273956594323873,4.65,3.7693350080226224,4.315347303048597,-2.0876310808696807,-2.16884051524318,-2.1184906659316103,-0.4720341779557703
0.3290317195325542,4.65,3.7657450293713177,4.3139831111611,-1.9986613251271648,-2.2193666743911393,-2.0825293578474753,-0.4801853074636176
0.3306677796327212,4.65,3.7620741126510056,4.312588162807382,-1.9073049698909308,-2.2678038656450727,-2.0442945502775047,-0.48916629937904693
0.33230383973288813,4.65,3.7583255751939713,4.3111637185737095,-1.8137184934430677,-2.314274016676386,-2.003929592271729,-0.4990195283589594
0.33393989983305505,4.65,3.7545025384701596,4.30971096461866,-1.7180816987016931,-2.358894636374064,-1.9615906150171942,-0.5097903672378828
0.33557595993322203,4.65,3.750607935287411,4.308231015409216,-1.6205988289567381,-2.4017788536732834,-1.917447238349025,-0.5215267361729481
0.33721202003338896,4.65,3.7466445169134133,4.306724916427097,-1.5214994928694097,-2.4430354739030635,-1.8716831656621982,-0.5342784603430473
0.3388480801335559,4.65,3.742614860093209,4.30519364683542,-1.4210393599722475,-2.4827690496270765,-1.8244966420410824,-0.5480963773555045
0.34048414023372287,4.65,3.7385213739408307,4.3036381220975155,-1.319500586771317,-2.521079963262229,-1.7761007498378636,-0.5630311231450625
0.3421202003338898,4.65,3.734366306687793,4.302059196541361,-1.2171919333309822,-2.5580645190465976,-1.7267235159029162,-0.5791315116694249
0.34375626043405677,4.65,3.730151752274978,4.300457665864492,-1.114448531089404,-2.593815042192295,-1.6766078053085027,-0.5964424099862734
0.3453923205342237,4.65,3.7258796567777357,4.29883426957554,-1.0116312647735104,-2.628419983300691,-1.6260109778138392,-0.6150019979228513
0.3470283806343906,4.65,3.7215518246570354,4.297189693369673,-0.9091257347989719,-2.661964026338364,-1.5752042855839408,-0.6348382931356056
0.3486644407345576,4.65,3.717169924832078,4.295524571436189,-0.8073407715668772,-2.6945281986730754,-1.5244719938672324,-0.6559648219336792
0.3503005008347245,4.65,3.7127354965721135,4.293839488697403,-0.7067064796721624,-2.7261899818514497,-1.4741102105002915,-0.6783753296577565
0.35193656093489145,4.65,3.7082499552072004,4.292134982978736,-0.6076717982328512,-2.7570234219650396,-1.4244254152510827,-0.7020374596613965
0.35357262103505843,4.65,3.703714597659444,4.290411547110589,-0.5107015732798008,-2.7870992386004017,-1.3757326861016292,-0.7268853972159873
0.35520868113522536,4.65,3.6991306077977337,4.288669630963139,-0.416273149283134,-2.8164849315030382,-1.3283536265266975,-0.7528115857331924
0.3568447412353923,4.65,3.69449906162037,4.286909643415741,-0.32487249922086064,-2.8452448842057945,-1.2826140055151356,-0.7796577892492064
0.35848080133555926,4.65,3.6898209322710636,4.285131954263004,-0.23698992581774656,-2.873440463980793,-1.2388411303197042,-0.8072060052945875
0.3601168614357262,4.65,3.6850970948948056,4.283336896060026,-0.15311538031538144,-2.9011301175714603,-1.1973609804726915,-0.83517002500384
0.3617529215358931,4.65,3.6803283313408763,4.281524765909533,-0.07373345891865898,-2.9283694622487806,-1.158495140184105,-0.8631887742240184
0.3633889816360601,4.65,3.6755153347209606,4.279695827193965,0.0006818496214691276,-2.955211371814595,-1.1225575745242353,-0.8908229053853404
0.365025041736227,4.65,3.67065871383092,4.27785031125575,0.06967257954788512,-2.9817060572457925,-1.0898513024337124,-0.9175563655031945
0.36666110183639394,4.65,3.665758997445162,4.2759884190291615,0.13280227035120098,-3.0079011417373023,-1.0606650262424304,-0.9428047265239379
0.3682971619365609,4.65,3.6608166384929546,4.2741103226273225,0.18966141084235938,-3.0338417299599953,-1.0352697826625354,-0.965931795505682
0.36993322203672785,4.65,3.655832018126255,4.272216166887977,0.23987273436512585,-3.0595704714027137,-1.0139156838266532,-0.9862753046938444
0.37156928213689483,4.65,3.650805449688806,4.270306070881746,0.2830962518304007,-3.0851276177164424,-0.9968288185973998,-1.0031812697861828
0.37320534223706175,4.65,3.645737182596342,4.26838012938661,0.31903391009033094,-3.110551074023786,-0.9842083838730334,-1.0160449924891146
0.3748414023372287,4.65,3.6406274061377943,4.266438414332362,0.34743376767178735,-3.1358764441992544,-0.9762241128392086,-1.0243549476478742
0.37647746243739566,4.65,3.6354762532073126,4.2644809762187785,0.3680935880856737,-3.1611370701657378,-0.9730140620498627,-1.0277343761027313
0.3781135225375626,4.65,3.6302838039768384,4.262507845511198,0.38086376267707184,-3.186364065290756,-0.9746828119507029,-1.0259747968660984
0.3797495826377295,4.65,3.625050089518785,4.260519034017138,0.3856494899625057,-3.211586342002941,-0.9813001261843641,-1.0190562227769677
0.3813856427378965,4.65,3.6197750953881602,4.258514536247501,0.38241215612976526,-3.2368306337852255,-0.9929001040379312,-1.0071506649391968
0.3830217028380634,4.65,3.6144587651731808,4.2564943307658085,0.3711698812227998,-3.262121511736781,-1.0094808481018411,-0.9906081941825164
0.38465776293823034,4.65,3.6091010040230755,4.254458381528769,0.3519972167551159,-3.2874813959311697,-1.0310046560656727,-0.9699277244935179
0.3862938230383973,4.65,3.603701682161391,4.252406639221329,0.3250240022701253,-3.3129305618336806,-1.057398732089321,-0.9457170409350629
0.38792988313856425,4.65,3.598260638392634,4.250339042589201,0.2904334098463148,-3.338487142076698,-1.08855639988443,-0.9186478533461087
0.38956594323873117,4.65,3.5927776836095857,4.248255519771643,0.24845922589500224,-3.3641671239282944,-1.1243387870378505,-0.8894116360021433
0.39120200333889815,4.65,3.5872526043080253,4.2461559896370495,0.19938243804721606,-3.389984342826092,-1.1645769386846412,-0.858680922472562
0.3928380634390651,4.65,3.581685166114974,4.24404036312369,0.14352721080515027,-3.4159504723859717,-1.209074308807476,-0.8270790246021451
0.39447412353923206,4.65,3.5760751173358716,4.2419085445876314,0.08125634641073542,-3.442075011333197,-1.257609569531959,-0.7951593437478114
0.396110183639399,4.65,3.5704221925253217,4.239760433159622,0.012966336688082038,-3.468365267841956,-1.3099396730333326,-0.7633939337712952
0.3977462437395659,4.65,3.5647261160852173,4.237595924112383,-0.06091788275017268,-3.494826341808068,-1.3658030971921729,-0.7321699607035645
0.3993823038397329,4.65,3.558986605893186,4.2354149102394105,-0.1399483626022537,-3.5214611056182377,-1.4249232049483276,-0.701792206434215
0.4010183639398998,4.65,3.553203376963318,4.233217283246061,-0.22365964256197726,-3.5482701840176283,-1.4870116483151246,-0.6724896883847961
0.40265442404006674,4.65,3.5473761451401336,4.231002935153251,-0.31157421973801175,-3.575251933715146,-1.5517717510493227,-0.6444246709116792
0.4042904841402337,4.65,3.5415046308256812,4.228771759713759,-0.40320788367531296,-3.602402423402214,-1.6189018087715352,-0.617702688687973
0.40592654424040064,4.65,3.535588562738491,4.226523653840626,-0.49807482891269467,-3.6297154148955277,-1.6880982515861713,-0.5923825814406121
0.40756260434056757,4.65,3.529627681701974,4.22425851904675,-0.5956924678682073,-3.657182346146511,-1.7590586216139628,-0.5684858865490707
0.40919866444073455,4.65,3.523621744458558,4.221976262894252,-0.6955858799125618,-3.684792316889495,-1.8314843259637965,-0.5460052187308576
0.4108347245409015,4.65,3.5175705275046,4.219676800451748,-0.7972918461995984,-3.7125320777260247,-1.9050831341796406,-0.524911476070894
0.4124707846410684,4.65,3.5114738309397993,4.217360055757124,-0.900362433634621,-3.7403860234636235,-1.979571397769642,-0.5051598548689313
0.4141068447412354,4.65,3.5053314823234505,4.215025963282911,-1.0043681047967794,-3.7683361915427103,-2.0546759777602333,-0.4866947444871978
0.4157429048414023,4.65,3.499143340528547,4.212674469400848,-1.1089003432836777,-3.796362266394529,-2.130135874065801,-0.4694536213275893
0.4173789649415693,4.65,3.4929092995833093,4.210305533841657,-1.2135737954890982,-3.8244415905749145,-2.2057035576217086,-0.4533700807366182
0.4190150250417362,4.65,3.4866292924884004,4.207919131145593,-1.3180279400189734,-3.852549183512526,-2.2811460125465235,-0.4383761471207469
0.42065108514190314,4.65,3.480303294996663,4.205515252098731,-1.4219283046412325,-3.880657768695207,-2.3562455009817427,-0.4244039933798683
0.4222871452420701,4.65,3.4739313293409357,4.203093905149555,-1.5249672577751667,-3.908737810093172,-2.430800067656009,-0.4113871861803459
0.42392320534223704,4.65,3.467513467894197,4.200655117799795,-1.6268644070495502,-3.9367575585823835,-2.504623804632027,-0.3992615570252945
0.42555926544240397,4.65,3.461049836745084,4.198198937963132,-1.7273666414486026,-3.9646831090848194,-2.5775468991503647,-0.38796578263217224
0.42719532554257095,4.65,3.4545406191707113,4.195725435284871,-1.8262478561212385,-3.992478469083845,-2.649415489047029,-0.3774417429557985
0.4288313856427379,4.65,3.447986058987678,4.193234702415317,-1.923308400187677,-4.020105639102177,-2.7200913509751876,-0.3676347118421178
0.4304674457429048,4.65,3.441386463761275,4.1907268562292845,-2.0183742879972706,-4.0475247056466985,-2.789451446704053,-0.3584934239244692
0.4321035058430718,4.65,3.434742207852142,4.188202038983814,-2.1112962134442714,-4.074693947028411,-2.8573873522062447,-0.3499700519174904
0.4337395659432387,4.65,3.428053735279062,4.185660419406044,-2.2019484053104112,-4.101569952357491,-2.9238045931883017,-0.34202012074600946
0.43537562604340563,4.65,3.4213215623761473,4.183102193702936,-2.2902273593461793,-4.1281077538928965,-2.988621909273932,-0.33460237874082377
0.4370116861435726,4.65,3.414546280222543,4.180527586484566,-2.376050480088848,-4.154260972793877,-3.051770467316759,-0.32767864120503165
0.43864774624373953,4.65,3.407728556822758,4.177936851592648,-2.459354662392872,-4.1799819781781835,-3.1131930423912904,-0.32121361778191726
0.44028380634390646,4.65,3.4008691390160357,4.175330272826094,-2.5400948394483827,-4.205222059239703,-3.1728431829690846,-0.3151747320408756
0.44191986644407344,4.65,3.3939688540937216,4.1727081645556146,-2.618242520798686,-4.229931610018173,-3.2306843747020912,-0.30953193937189
0.44355592654424036,4.65,3.3870286111043564,4.1700708722196556,-2.6937843406322624,-4.254060326247513,-3.286689215166058,-0.30425754749965783
0.44519198664440734,4.65,3.380049401827341,4.16741877269439,-2.766720633494023,-4.277557413538828,-3.3408386099110485,-0.29932604257905937
0.44682804674457427,4.65,3.373032301397328,4.164752274530985,-2.83706405159255,-4.3003718059819835,-3.393120998260535,-0.2947139228199185
0.4484641068447412,4.65,3.3659784685631835,4.1620718180540095,-2.9048382351176634,-4.322452394077943,-3.4435316155225695,-0.2903995408354182
0.4501001669449082,4.65,3.358889145567252,4.159377875315556,-2.970076544453628,-4.343748260745886,-3.4920717966446864,-0.2863629553552815
0.4517362270450751,4.65,3.3517656576328427,4.15667094990048,-3.0328208608948404,-4.364208923987058,-3.538748324869883,-0.28258579254481714
0.453372287145242,4.65,3.3446094120503242,4.153951576579123,-3.0931204604487985,-4.383784584634503,-3.583572827639366,-0.27905111688737116
0.455008347245409,4.65,3.337421896854878,4.151220320804853,-3.1510309635440468,-4.402426377477213,-3.62656122083865,-0.2757433113920376
0.45664440734557593,4.65,3.3302046790918927,4.148477778054919,-3.2066133619406605,-4.420086623921803,-3.6677332014934945,-0.27264796675854225
0.45828046744574286,4.65,3.3229594026690323,4.145724573014232,-3.259933122854647,-4.436719084247495,-3.7071117881839295,-0.26975177905004266
0.45991652754590984,4.65,3.315687785797331,4.142961358602985,-3.311059369239314,-4.4522792074236275,-3.7447229077493533,-0.26704245537916665
0.46155258764607676,4.65,3.3083916180269735,4.14018881485025,-3.3600641342978834,-4.466724376395684,-3.780595026295048,-0.2645086270930192
0.4631886477462437,4.65,3.301072756886946,4.13740764761704,-3.4070216876128065,-4.480014146707955,-3.8147588220689634,-0.26213976994164007
0.46482470784641067,4.65,3.2937331241411822,4.13461858717365,-3.452007929748404,-4.492110476320432,-3.8472468974457747,-0.2599261307258211
0.4664607679465776,4.65,3.2863747016773868,4.131822386637407,-3.495099851795161,-4.502977944495368,-3.8780935270212393,-0.2578586599400812
0.4680968280467446,4.65,3.2789995270480916,4.129019820278275,-3.5363750560571625,-4.512583957676414,-3.9073344386724784,-0.255928949951812
0.4697328881469115,4.65,3.271609688686907,4.126211681701024,-3.5759113339209714,-4.52089894036014,-3.9350066243678556,-0.2541291782858552
0.4713689482470784,4.65,3.2642073208260607,4.123398781913903,-3.613786296868346,-4.527896509066268,-3.9611481775035564,-0.2524520556133884
0.4730050083472454,4.65,3.2567945981443525,4.120581947294854,-3.6500770565912872,-4.533553627647799,-3.985798153592762,-0.2508907780737991
0.47464106844741233,4.65,3.2493737301773726,4.117762017467402,-3.6848599502226427,-4.537850742344266,-4.008996451228859,-0.24943898358739494
0.47627712854757925,4.65,3.24194695552432,4.114939843099242,-3.7182103067967525,-4.5407718951683504,-4.03078371037796,-0.24809071184477713
0.47791318864774623,4.65,3.234516535887854,4.112116283637384,-3.7502022511918205,-4.542304814425526,-4.051201225220629,-0.24684036768515244
0.47954924874791316,4.65,3.227084749985253,4.1092922049943965,-3.7809085419697586,-4.542440981395185,-4.07029086895142,-0.2456826876005591
0.4811853088480801,4.65,3.2196538873704794,4.1064684772007825,-3.8104004397123767,-4.5411756724463554,-4.0880950281512884,-0.24461270912584884
0.48282136894824706,4.644796162330851,3.2122262422077803,4.1004195926840845,-3.8387476026481924,-4.538507976117651,-4.104656544566587,-0.24362574289527814
0.484457429048414,4.638493290291783,3.2048041070379827,4.093691400655339,-3.866018006566516,-4.534440784955484,-4.120018662354324,-0.2427173471657443
0.4860934891485809,4.6321466377817675,3.197389766578763,4.086939026724626,-3.892277886220135,-4.528980762172418,-4.134224979082003,-0.24188330462413496
0.4877295492487479,4.625757805109167,3.18998549159986,4.08016432597563,-3.9175916956212316,-4.522138283454394,-4.147319398997833,-0.24111960131202867
0.4893656093489148,4.619328288605252,3.182593532913443,4.073369081442364,-3.942022084834223,-4.513927354507153,-4.159346087309936,-0.2404224075152043
0.4910016694490818,4.61285948358467,3.175216115518656,4.066555003719585,-3.9656298910617895,-4.504365505184118,-4.170349424428275,-0.23978806047819193
0.4926377295492487,4.606352687310186,3.1678554329378237,4.059723730648688,-3.9884741420046055,-4.493473661276315,-4.180373959327856,-0.23921304881556235
0.49427378964941565,4.599809101943164,3.160513641779806,4.0528768270810875,-4.01061206965024,-4.481275995265902,-4.189464361384191,-0.23869399850189962
0.49590984974958263,4.593229837464109,3.153192856563738,4.046015784721968,-4.032099132811228,-4.4677997575451025,-4.1976653702101006,-0.2382276603315686
0.49754590984974956,4.586615914550231,3.1458951448337373,4.0391420220579635,-4.0529890468862,-4.453075089779103,-4.205021743185503,-0.23781089874756575
0.4991819699499165,4.579968267399356,3.1386225225923465,4.032256884372693,-4.073333819460833,-4.437134822242288,-4.211578200517787,-0.23744068194603543
0.5008180300500834,4.5732877464916815,3.1313769500773168,4.025361643854223,-4.093183790497259,-4.420014257080326,-4.217379367798824,-0.23711407316954983
0.5024540901502503,4.566575121282808,3.1241603279031236,4.018457499798528,-4.112587675981645,-4.401750939544951,-4.222469716135701,-0.236828223108057
0.5040901502504173,4.559831082823221,3.1169744935851464,4.011545578912752,-4.131592614010321,-4.382384419313075,-4.226893500025367,-0.2365803633316048
0.5057262103505843,4.553056246301025,3.109821218461005,4.004626935721817,-4.150244212395276,-4.361956004037231,-4.230694693219219,-0.23636780068359894
0.5073622704507512,4.546251153506112,3.102702205019982,3.997702553081383,-4.168586596960829,-4.340508507280759,-4.233916922882402,-0.23618791256754548
0.5089983305509181,4.539416275215264,3.0956190846479723,3.9907733427996934,-4.186662459785218,-4.318085992969709,-4.236603402395325,-0.23603814306399604
0.5106343906510851,4.5325520134988375,3.0885734157919598,3.9838401463702238,-4.20451310671427,-4.294733518445678,-4.238796863172205,-0.23591599981784128
0.5122704507512521,4.5256587039507306,3.08156668254463,3.9769037358164123,-4.222178503540022,-4.2704968781317305,-4.240539485884871,-0.23581905163921155
0.513906510851419,4.518736617844261,3.0746002936465584,3.969964814649134,-4.2396973202955905,-4.245422349729468,-4.241872831480464,-0.23574492676410297
0.515542570951586,4.511785964217462,3.067675581900307,3.9630240189369434,-4.257106973169521,-4.2195564447518095,-4.242837772370791,-0.2356913117234801
0.5171786310517529,4.50480689189206,3.0607938039879863,3.956081918488512,-4.274443663588788,-4.192945665066013,-4.243474424150134,-0.2356559507720554
0.5188146911519198,4.4977994914311195,3.053956140681144,3.9491390181461288,-4.291742414060307,-4.1656362669777875,-4.24382207816895,-0.23563664583022823
0.5204507512520867,4.490763797040934,3.047163697429516,3.9421957591885954,-4.3090371003968375,-4.13767403423304,-4.243919135254594,-0.23563125689481584
0.5220868113522538,4.48369978842341,3.0404175053130187,3.935252520841461,-4.326360479985062,-4.109104061151981,-4.243803040828491,-0.23563770287623348
0.5237228714524207,4.476607392585648,3.03371852233954,3.9283096218921267,-4.343744215782095,-4.079970546943804,-4.243510221623545,-0.235653962821705
0.5253589315525876,4.469486485613946,3.027067635069478,3.921367322407048,-4.361218895752316,-4.050316602081862,-4.243076024157544,-0.235678077485908
0.5269949916527545,4.462336894419936,3.020465660546708,3.9144258255481095,-4.378814047479637,-4.020184067451838,-4.242534655069074,-0.2357081512121953
0.5286310517529215,4.455158398466906,3.013913348514594,3.907485279485027,-4.396558147711953,-3.9896133468212924,-4.241919123373502,-0.2357423540891847
0.5302671118530885,4.447950731484816,3.0074113838949157,3.9005457794006544,-4.414478626614977,-3.958643253020279,-4.241261184648992,-0.2357789243490696
0.5319031719532554,4.440713583182831,3.000960389507074,3.8936073695860434,-4.432601866532381,-3.92731086807164,-4.2405912871173,-0.23581617097548377
0.5335392320534224,4.433446600968483,2.994560929004632,3.8866700456222194,-4.450953195069063,-3.895651417367365,-4.239938519542418,-0.23585247649013594
0.5351752921535893,4.4261493916829195,2.988213510006248,3.8797337566457846,-4.469556872334587,-3.863698157855915,-4.239330560832691,-0.235886299888721
0.5368113522537562,4.418821523361896,2.981918587398166,3.872798407695679,-4.488436072205172,-3.83148228008523,-4.238793631199593,-0.23591617969780626
0.5384474123539231,4.411462527032399,2.9756765667858276,3.865863862138702,-4.507612857485557,-3.799032823838496,-4.238352444699674,-0.23594073712547495
0.5400834724540902,4.404071898554954,2.969487808072601,3.85892994417166,-4.527108148877075,-3.766376607004867,-4.238030162965636,-0.23595867927948688
0.5417195325542571,4.396649100521834,2.9633526291443695,3.851996441398398,-4.54694168768589,-3.7335381672457486,-4.237848349918636,-0.23596880242758084
0.543355592654424,4.3891935642214115,2.957271309639428,3.845063107480258,-4.567131992236234,-3.7005397159487905,-4.237826927247006,-0.2359699952752964
0.5449916527545909,4.381704691678978,2.9512440947840357,3.8381296648589,-4.587696307987771,-3.667401103906506,-4.23798413043689,-0.2359612422373349
0.5466277128547579,4.374181857784309,2.9452711992749494,3.831195807550752,-4.608650551394842,-3.63413979811386,-4.238336465148069,-0.23594162667900986
0.5482637729549248,4.366624412516133,2.939352811191248,3.824261204012677,-4.630009247588287,-3.6007708690489775,-4.23889866374335,-0.23591033410478018
0.5498998330550918,4.359031683273535,2.933489095918833,3.8173255000787485,-4.6517854620085535,-3.5673069877826062,-4.239683641802694,-0.23586665527119485
0.5515358931552587,4.351402977324046,2.927680200072086,3.810388321968301,-4.6739907261719855,-3.533758432254467,-4.240702454483328,-0.2358099892018565
0.5531719532554257,4.3437375843777986,2.9219262553981813,3.8034492793655437,-4.696634957811039,-3.5001331020572635,-4.241964252624604,-0.23573984608221915
0.5548080133555926,4.33603477929677,2.9162273826507166,3.79650796857127,-4.719726375693665,-3.4664365410813067,-4.243476238540969,-0.23565585001221293
0.5564440734557595,4.3282938249474565,2.9105836954202897,3.789563975727133,-4.743271409497657,-3.4326719673932176,-4.24524362149797,-0.23555774159484907
0.5580801335559266,4.320513975204764,2.904995303910674,3.78261688011301,-4.767274605192107,-3.398840309750442,-4.247269572924274,-0.23544538033913706
0.5597161936560935,4.312694478114009,2.899462318650225,3.7756662575177713,-4.791738526460443,-3.364940250188284,-4.249555181477023,-0.23531874685586007
0.5613522537562604,4.304834579217005,2.8939848541289948,3.768711683683561,-4.816663652787351,-3.3309682721570026,-4.252099408147819,-0.23517794482504634
0.5629883138564273,4.296933525047158,2.8885630323528884,3.7617527378233353,-4.842048274924964,-3.296918713732442,-4.2548990416718055,-0.23502320271436733
0.5646243739565943,4.28899056679716,2.883196986306891,3.754789006210858,-4.867888388551513,-3.2627838254737447,-4.257948654581962,-0.23485487522821674
0.5662604340567612,4.281004964161537,2.87788686332012,3.747820085841798,-4.894177587037272,-3.2285538325553174,-4.261240560334129,-0.2346734444679154
0.5678964941569282,4.272975989354674,2.8726328283259193,3.7408455881637472,-4.920906954337256,-3.1942170008564803,-4.264764772014561,-0.23447952078436127
0.5695325542570951,4.26490293130322,2.8674350670107946,3.733865142872098,-4.948064959136477,-3.1597597067506595,-4.268508963229866,-0.23427384330553844
0.5711686143572621,4.256785100009807,2.862293788846264,3.726878401767661,-4.975637351480351,-3.125166510395682,-4.272458431868177,-0.2340572801226154
0.572804674457429,4.248621831082962,2.8572092299980447,3.7198850426706938,-5.003607063228076,-3.090420232387435,-4.276596067508633,-0.23383082811993475
0.5744407345575959,4.240412490425772,2.8521816561071347,3.7128847733846895,-5.031954113769041,-3.0555020336999448,-4.280902323342785,-0.23359561243601096
0.5760767946577628,4.232156479073461,2.847211364937431,3.7058773357017696,-5.0606555225389025,-3.020391498895622,-4.285355193554456,-0.23335288554472364
0.5777128547579299,4.22385323816743,2.8422986888845103,3.6988625094399206,-5.089685229960839,-2.9850667226493255,-4.289930197182464,-0.23310402594820284
0.5793489148580968,4.2155022540505955,2.837443997340082,3.6918401165006003,-5.11901402851576,-2.949504399688595,-4.294600369561437,-0.23285053647543916
0.5809849749582637,4.207103063466009,2.832647698906381,3.68481002493335,-5.148609505710449,-2.9136799183094633,-4.299336262498074,-0.23259404218337712
0.5826210350584307,4.1986552588378165,2.8279102434545043,3.6777721529921577,-5.1784360007612,-2.8775674576822787,-4.3041059543912095,-0.23233628786014496
0.5842570951585976,4.190158493610606,2.823232124020274,3.67072647316628,-5.2084545768400154,-2.841140089214352,-4.308875071542263,-0.23207913513307613
0.5858931552587646,4.1816124876201775,2.818613878530723,3.663673016166185,-5.238623010737277,-2.8043698822856973,-4.313606821925677,-0.231824559187242
0.5875292153589315,4.17301703246571,2.8140560913537804,3.6566118748431764,-5.268895801775943,-2.7672280147201342,-4.318262042694736,-0.23157464510328038
0.5891652754590985,4.164371996850378,2.809559394663062,3.649543208019198,-5.299224201764995,-2.7296848883959006,-4.32279926268474,-0.23133158382629476
0.5908013355592654,4.1556773318545925,2.805124469609023,3.642467244201276,-5.329556267700807,-2.691710250437487,-4.327174781140745,-0.23109766778044877
0.5924373956594323,4.146933076103288,2.80075204728694,3.6353842851530755,-5.359836938812272,-2.6532733204626098,-4.3313427638394,-0.23087528614650146
0.5940734557595992,4.138139360786276,2.796442909491418,3.62829470929423,-5.390008139396435,-2.6143429243848697,-4.33525535769204,-0.23066691982185109
0.5957095158597663,4.129296414488358,2.792197889246271,3.621198974896365,-5.420008908704696,-2.574887635292645,-4.338862824808117,-0.23047513608458556
0.5973455759599332,4.120404567784104,2.788017871097767,3.614097623043296,-5.449775558914375,-2.534875921937669,-4.342113696863227,-0.2303025829845052
0.5989816360601001,4.11146425755065,2.783903791158341,3.6069912803215725,-5.479241861956337,-2.494276305371399,-4.34495495045406,-0.23015198348500648
0.6006176961602671,4.1024760309508865,2.7798566368870175,3.5998806612066163,-5.508339265667307,-2.453057524263165,-4.347332203933733,-0.2300261293800227
0.602253756260434,4.093440549038922,2.775877446591896,3.592766570109052,-5.536997139397047,-2.4111887094197595,-4.349189936005678,-0.22992787500984743
0.603889816360601,4.084358589939739,2.7719673086392524,3.585649903045554,-5.5651430488284905,-2.3686395680010075,-4.350471726114047,-0.22986013079855727
0.6055258764607679,4.07523105155576,2.7681273603530134,3.5785316488987164,-5.592703059367019,-2.325380577888533,-4.351120516405194,-0.22982585663386298
0.6071619365609349,4.066058953754372,2.7643587865876214,3.571412890231007,-5.619602067028395,-2.281383192614336,-4.351078894751052,-0.22982805510751725
0.6087979966611018,4.056843439992603,2.7606628179567725,3.5642948036189877,-5.645764155309321,-2.236620057190862,-4.350289398024307,-0.2298697646308662
0.6104340567612687,4.047585778338002,2.7570407286999323,3.557178659475536,-5.671112976067594,-2.191065235103563,-4.348694834501262,-0.22995405243575498
0.6120701168614356,4.038287361848362,2.7534938341682205,3.550065821329908,-5.695572151978275,-2.144694446629489,-4.3462386239457365,-0.23008400746578178
0.6137061769616027,4.028949708277285,2.7500234879111014,3.542957744538135,-5.719065697677438,-2.0974853185300155,-4.342865153601418,-0.23026273315687174
0.6153422370617696,4.019574459077691,2.74663107834529,3.5358559743993787,-5.74151845626535,-2.0494176450312676,-4.338520147996398,-0.2304933400993463
0.6169782971619365,4.010163377681133,2.743318024987611,3.5287621436575947,-5.762856547426903,-2.000473659851203,-4.333151050148137,-0.2307789385661534
0.6186143572621035,4.000718347037246,2.74008577423403,3.521677969372024,-5.783007823048732,-1.9506383188569418,-4.3267074114558515,-0.231122630883774
0.6202504173622704,3.9912413664046618,2.736935794667956,3.5146052491447137,-5.801902325880486,-1.8998995927390017,-4.319141287286722,-0.23152750361361726
0.6218864774624373,3.9817345473922434,2.7338695718820603,3.507545856698374,-5.819472746511801,-1.8482487688704334,-4.310407635008081,-0.23199661950258335
0.6235225375626043,3.9722001092574053,2.7308886027994443,3.50050173680338,-5.8356548737261225,-1.7956807612784922,-4.300464710996023,-0.2325330091520253
0.6251585976627713,3.9626403734765177,2.7279943894819265,3.4934748995585734,-5.850388033155784,-1.7421944273947616,-4.2892744629665955,-0.2331396623447521
0.6267946577629382,3.953057757610679,2.725188432415636,3.4864674140365626,-5.863615509106597,-1.6877928899675367,-4.276802913833754,-0.23381951896015554
0.6284307178631051,3.94345476849865,2.722472223267013,3.479481401310628,-5.875284944449904,-1.632483862219454,-4.263020533202333,-0.23457545939822422
0.630066777963272,3.933833994816861,2.7198472371056743,3.4725190268866095,-5.885348713598974,-1.576279974015644,-4.247902592557309,-0.23541029442437925
0.6317028380634391,3.924198099054509,2.7173149240945413,3.4655824925697214,-5.893764263796008,-1.519199096476331,-4.231429500214531,-0.23632675433900072
0.633338898163606,3.914549808959292,2.7148767006521206,3.4586740278025667,-5.900494420234977,-1.4612646621263266,-4.213587112153689,-0.2373274773685337
0.6349749582637729,3.904891908516323,2.7125339400968445,3.4517958805169213,-5.905507650930651,-1.4025059773267374,-4.194367014961164,-0.2384149971695453
0.6366110183639399,3.8952272285291687,2.710287962789,3.444950307547905,-5.908778287710065,-1.342958523387345,-4.173766777267431,-0.23959172933344897
0.6382470784641068,3.8855586368773434,2.708140025791942,3.438139564664891,-5.9102867002412465,-1.2826642424173114,-4.151790166268151,-0.24085995677831978
0.6398831385642737,3.8758890285292384,2.7060913120810106,3.431365896278912,-5.91001942061576,-1.2216718036451997,-4.128447326166947,-0.24222181391580186
0.6415191986644407,3.866221315392986,2.704142919335813,3.42463152489126,-5.907969216654536,-1.1600368456347023,-4.1037549156669995,-0.2436792694861667
0.6431552587646077,3.8565584160901376,2.702295848359225,3.417938640352391,-5.904135112797527,-1.0978221895494094,-4.077736201963242,-0.24523410796376333
0.6447913188647746,3.8469032457384027,2.7005509911746137,3.411289389004163,-5.898522358152706,-1.0350980183883793,-4.050421109042262,-0.2468879094491125
0.6464273789649415,3.837258705829723,2.6989091188612253,3.404685862781694,-5.891142342003681,-0.9719420169352018,-4.021846218477659,-0.24864202798348614
0.6480634390651084,3.8276276742889097,2.6973708691964124,3.398130088353761,-5.8820124577925865,-0.9084394670474734,-3.9920547213094433,-0.2504975682477588
0.6496994991652754,3.8180129957958533,2.6959367341821787,3.391624016382657,-5.8711559172909284,-0.844683292873155,-3.9610963200121745,-0.2524553606403912
0.6513355592654424,3.8084174724509308,2.6946070475423745,3.385169510985679,-5.858601517331012,-0.780774050626153,-3.9290270799831655,-0.25451593477036677
0.6529716193656093,3.798843854858861,2.693381972285554,3.378768339481004,-5.844383362081603,-0.7168198576971202,-3.895909230415499,-0.2566794914504078
0.6546076794657762,3.789294833700927,2.6922614884368428,3.372422162500575,-5.828540544401158,-0.6529362561268488,-3.8618109148569206,-0.2589458733344146
0.6562437395659432,3.779773031859302,2.691245381050037,3.3661325245517815,-5.811116790280621,-0.5892460058383274,-3.826805892192549,-0.261314534411113
0.6578797996661101,3.7702809971502873,2.6903332286182877,3.3599008451081276,-5.792160070787004,-0.5258788035164443,-3.790973189224191,-0.2637845086434511
0.6595158597662771,3.7608211957158235,2.6895243920079577,3.353728410306834,-5.771722186233108,-0.4629709236471667,-3.75439670645045,-0.2663543781300187
0.6611519198664441,3.7513960061146774,2.6888180040453706,3.3476163653283413,-5.749858327524047,-0.40066477898327724,-3.717164779078554,-0.26902224125988017
0.662787979966611,3.742007714146502,2.6882129598898823,3.3415657075289866,-5.726626619766561,-0.33910839859077885,-3.679369695719764,-0.2717856814343247
0.6644240400667779,3.7326585084335937,2.687707908328973,3.3355772803938377,-5.702087653273386,-0.2784548226451646,-3.641107177634662,-0.27464173703604644
0.6660601001669448,3.723350476776774,2.687301244131466,3.3296517683715567,-5.6763040070553705,-0.2188614142814022,-3.6024758218012627,-0.27758687343527905
0.6676961602671118,3.7140856032936305,2.6869911015934806,3.3237896926475736,-5.649339769773591,-0.16048909004393944,-3.5635765114763234,-0.2806169579296387
0.6693322203672788,3.704865766339299,2.6867753494081423,3.3179914079054598,-5.621260062929239,-0.10350147181625677,-3.5245117983063055,-0.2837272386151601
0.6709682804674457,3.6956927372024118,2.686651586984192,3.312257100119488,-5.5921305708086075,-0.04806396451277397,-3.485385260416191,-0.28691232827460506
0.6726043405676126,3.6865681795616663,2.68661714233047,3.3065867854138116,-5.562017081383285,0.005657234736503163,-3.4463008412577656,-0.2901661944390899
0.6742404006677796,3.677493649681912,2.686669071612676,3.300980310015602,-5.530985042001764,0.05749618871512814,-3.407362174329345,-0.2934821568232104
0.6758764607679465,3.6684705973226763,2.6868041604758264,3.2954373513208735,-5.4990991333082935,0.10728832492433063,-3.3686718991798963,-0.29685289334454035
0.6775125208681135,3.659500367326799,2.687018927210594,3.289957420082641,-5.466422864398603,0.1548715830308149,-3.330330974375424,-0.3002704559079272
0.6791485809682805,3.650584201852254,2.68730962782418,3.2845398637215855,-5.4330181917803975,0.20008759362472148,-3.2924379933264523,-0.30372629705614257
0.6807846410684474,3.6417232432064326,2.6876722630568546,3.279183870749593,-5.398945164259027,0.24278287578051572,-3.255088509044001,-0.30721130845492545
0.6824207011686143,3.6329185372390334,2.6881025873640207,3.273888476286529,-5.364261595425011,0.28281003990553216,-3.218374373999404,-0.3107158719876711
0.6840567612687812,3.6241710372473266,2.6885961198608137,3.2686525686404515,-5.329022764988203,0.3200289815549097,-3.18238310130182,-0.31422992398084604
0.6856928213689482,3.6154816083458576,2.689148157202334,3.263474896911319,-5.293281149790968,0.354308051319944,-3.1471972533688217,-0.3177430327665609
0.6873288814691152,3.6068510322516247,2.6897537883479727,3.258354079568237,-5.257086184946156,0.3855251855878788,-3.112893864143223,-0.3212444894182844
0.6889649415692821,3.5982800124353265,2.690407911133312,3.253288613940561,-5.220484055190087,0.41356898294716965,-3.0795439006979293,-0.32472341107829833
0.690601001669449,3.5897691795893802,2.691105250548423,3.2482768865538163,-5.1835175162203155,0.43833971128880544,-3.0472117697668497,-0.3281688558444078
0.692237061769616,3.5813190973640476,2.6918403785972878,3.2433171842326787,-5.146225745505816,0.4597502312386446,-3.015954874342921,-0.33156994771610027
0.6938731218697829,3.572930268324041,2.692607735590317,3.2384077058852263,-5.10864422181508,0.4777268224471725,-2.985823224995424,-0.33491600963802287
0.6955091819699498,3.5646031400793694,2.693401652700788,3.2335465748755086,-5.070804632506711,0.49220990045119783,-2.9568591099827053,-0.33819670224525816
0.6971452420701169,3.5563381115459007,2.694216375597117,3.228731851885363,-5.03273480746729,0.5031546132876782,-2.9290968275804024,-0.341402165535803
0.6987813021702838,3.548135539293056,2.6950460889465244,3.2239615481613737,-4.994458678462041,0.5105313087553223,-2.9025624833194428,-0.34452316039597364
0.7004173622704507,3.539995743938094,2.6958849415723205,3.2192336390391,-4.955996262583512,0.5143258651485663,-2.8772738540453227,-0.3475512067070165
0.7020534223706176,3.5319190165487,2.696727072037002,3.214546077634255,-4.917363668440452,0.514539880388107,-2.8532403198856,-0.3504787146846764
0.7036894824707846,3.523905625017775,2.6975666344168387,3.209896808589419,-4.8785731237205185,0.5111907166935616,-2.8304628643631684,-0.3532991061605014
0.7053255425709516,3.51595582037656,2.6983978240308417,3.2052837817651874,-4.839633022783912,0.5043114002339051,-2.808934142037141,-0.356006922709396
0.7069616026711185,3.508069843014404,2.6992149028879364,3.2007049657663464,-4.800547992997288,0.4939503774951084,-2.7886386122101774,-0.3585979178590786
0.7085976627712854,3.5002479287754933,2.7000122246209193,3.196158361196755,-4.761318978595152,0.48017113236582915,-2.7695527364299792,-0.3610691310716922
0.7102337228714524,3.492490314904823,2.700784258684063,3.1916420135409345,-4.72194334095613,0.46305167010696013,-2.751645236752156,-0.3634189417456765
0.7118697829716193,3.4847972458173553,2.701525613603019,3.187154025575907,-4.682414974300584,0.4426838763881519,-2.7348774110388643,-0.3656471021200699
0.7135058430717862,3.4771689786658757,2.7022310590805736,3.182692569223461,-4.6427244359507,0.4191727613981432,-2.7192035009581392,-0.36775474864151936
0.7151419031719533,3.469605788684324,2.7028955467795224,3.1782558967604997,-4.602859090441094,0.3926356006260685,-2.7045711078355725,-0.36974439204162207
0.7167779632721202,3.4621079742843985,2.703514229624011,3.173842351313451,-4.562803266923868,0.36320098523602945,-2.690921651103107,-0.3716198870338954
0.7184140233722871,3.4546758618840547,2.704082479482739,3.1694503765715547,-4.522538429473684,0.33100779599337066,-2.6781908637962033,-0.37338638314318995
0.720050083472454,3.4473098104469795,2.7045959031208784,3.165078525663061,-4.482043360062839,0.2962041154339647,-2.6663093193740535,-0.37505025869795233
0.721686143572621,3.440010215712404,2.705050356332015,3.160725469147856,-4.441294354140116,0.25894609339157054,-2.6552029840780755,-0.3766190404260992
0.7233222036727879,3.4327775140945773,2.705441956186252,3.1563900020894136,-4.400265428907721,0.21939678111653682,-2.644793789098503,-0.3781013113846041
0.7249582637729549,3.425612186230931,2.7057670913554626,3.152071050178253,-4.358928544544431,0.17772494904343672,-2.635000216981041,-0.37950661011546893
0.7265943238731218,3.4185147601574677,2.7060224305009566,3.1477676748879935,-4.317253838767532,0.13410390281453782,-2.625737896966345,-0.38084532395840165
0.7282303839732888,3.4114858140891293,2.706204928732205,3.143479077653498,-4.275209875257618,0.08871031146593979,-2.616920204302666,-0.3821285793719764
0.7298664440734557,3.4045259787819564,2.7063118321672843,3.139204603068381,-4.232763906586144,0.041723060764456005,-2.608458858992916,-0.38336813193445723
0.7315025041736226,3.3976359394527296,2.7063406806460626,3.1349437411061962,-4.189882152382019,-0.006677856419981157,-2.6002645199164447,-0.3845762584308666
0.7331385642737897,3.390816437230487,2.7062893086656046,3.1306961283758317,-4.146530093547158,-0.05631240207227037,-2.592247370786701,-0.3857656531045175
0.7347746243739566,3.3840682701129907,2.706155844623572,3.1264615484270113,-4.102672783378207,-0.10700149804659267,-2.5843176949521935,-0.3869493297798662
0.7364106844741235,3.377392293399739,2.705938708469373,3.1222399311261997,-4.058275176468479,-0.15856796629556308,-2.576386436602771,-0.38814053116915265
0.7380467445742904,3.3707894195717607,2.705636607874493,3.118031351126799,-4.013302476246793,-0.2108373979395668,-2.568365746490047,-0.3893526462757921
0.7396828046744574,3.3642606175869956,2.705248533042628,3.1138360254601363,-3.9677205019537296,-0.26363894627033707,-2.5601695107940405,-0.39059913641806027
0.7413188647746243,3.357806911558921,2.7047737502870928,3.1096543102756264,-3.921496075756933,-0.31680604022149367,-2.5517138622534663,-0.3918934700291518
0.7429549248747913,3.351429378784936,2.7042117945075352,3.105486696759524,-3.874597430560517,-0.3701770162202994,-2.5429176731112344,-0.3932490660527401
0.7445909849749582,3.3451291470903937,2.7035624607002773,3.101333806262149,-3.8269946388654454,-0.42359566763610185,-2.533703029798295,-0.3946792454519063
0.7462270450751252,3.338907391453651,2.7028257946369285,3.0971963846632966,-3.7786600627831,-0.47691171224325996,-2.5239956895779607,-0.3961971900860143
0.7478631051752921,3.332765329877701,2.7020020828443183,3.093075296005016,-3.729568824989554,-0.5299811792049138,-2.513725519591391,-0.39781590798447686
0.749499165275459,3.3267042184745406,2.7010918420154995,3.0889715154201047,-3.6796993000291627,-0.5826667180495166,-2.5028269188768975,-0.39954820385611545
0.751135225375626,3.320725345729759,2.7000958079768584,3.084886121383657,-3.6290336249304698,-0.6348378329478733,-2.4912392239770833,-0.4014066535142186
0.752771285475793,3.3148300259169514,2.699014924330355,3.0808202873140447,-3.5775582275827107,-0.6863710463028428,-2.478907098696361,-0.4034035807658515
0.7544073455759599,3.3090195916345597,2.6978503308828428,3.0767752725489075,-3.525264370736547,-0.7371499962379509,-2.4657809084270808,-0.40555103520446145
0.7560434056761268,3.3032953854417713,2.696603351966563,3.072752412721192,-3.4721487088391116,-0.7870654730186468,-2.451817079227335,-0.40786076925246795
0.7576794657762937,3.2976587505752435,2.6952754847463636,3.0687531095602694,-3.418213854192958,-0.8360153997677374,-2.436978441511374,-0.4103442127209859
0.7593155258764607,3.2921110207348017,2.693868387600255,3.064778820143674,-3.3634689481466165,-0.8839047630525482,-2.4212345578108705,-0.41301244308363816
0.7609515859766277,3.2866535089339526,2.6923838686506505,3.0608310456262977,-3.3079302321882125,-0.9306454990355014,-2.4045620335901825,-0.4158761495984068
0.7625876460767946,3.2812874954201754,2.69082387451433,3.0569113194759545,-3.2516216129340183,-0.976156340902729,-2.3869448095621286,-0.4189455893550569
0.7642237061769616,3.276014214680496,2.6891904793298282,3.053021195247242,-3.1945752140944244,-1.0203626332282334,-2.368374433365272,-0.4222305332772401
0.7658597662771285,3.270834841559951,2.687485874111801,3.049162233929654,-3.136831907579143,-1.063196118805262,-2.348850307845068,-0.4257402000715155
0.7674958263772954,3.2657504765340972,2.6857123564730117,3.0453359909108846,-3.078441814992331,-1.1045947032933787,-2.3283799125467293,-0.42948317609656006
0.7691318864774623,3.2607621301917704,2.683872320746009,3.0415440026023806,-3.0194647698933226,-1.144502202799755,-2.3069789943977668,-0.43346731913397785
0.7707679465776294,3.255870707000718,2.681968248528407,3.0377877727812397,-2.9599707303891654,-1.1828680792467192,-2.2846717229550357,-0.43769964409004103
0.7724040066777963,3.251076988446385,2.68000269966799,3.0340687587105952,-2.9000401309150012,-1.2196471680839782,-2.2614908050392124,-0.4421861887617362
0.7740400667779632,3.2463816156528655,2.6779783036966345,3.030388357109498,-2.8397641614843585,-1.2547994025914275,-2.2374775531050446,-0.44693185798099144
0.7756761268781301,3.2417850716145673,2.675897751715387,3.026747890052879,-2.7792449622937,-1.288289538694613,-2.212681901326047,-0.4519402447322889
0.7773121869782971,3.2372876631871024,2.673763788726864,3.0231485908922116,-2.7185957213848475,-1.3200868838861015,-2.1871623631353243,-0.45721342724940073
0.7789482470784641,3.2328895030060547,2.671579206405554,3.019591590297864,-2.657940663147474,-1.3501650335174473,-2.1609859238880635,-0.4627517416683547
0.780584307178631,3.2285904915219596,2.669346836291497,3.0160779025343833,-2.597414915821928,-1.3785016174025422,-2.1342278624225615,-0.46855353057986054
0.782220367278798,3.2243902993586855,2.6670695433882967,3.0126084120899375,-2.5371642468776425,-1.405078059357165,-2.106971495619861,-0.4746148688194782
0.7838564273789649,3.2202883502197728,2.664750220142355,3.009183860790354,-2.47734465622671,-1.4298793519938053,-2.079307840618206,-0.48092926908922085
0.7854924874791318,3.2162838045825497,2.662391780776677,3.005804835536318,-2.4181218187101345,-1.4528938487969962,-2.051335190143142,-0.4874873715446865
0.7871285475792987,3.2123755444323683,2.659997155949506,3.0024717568088803,-2.3596703691808347,-1.474113075222991,-2.0231585974768542,-0.4942766233191664
0.7887646076794658,3.2085621592984066,2.6575692877054324,2.999184868093076,-2.3021730258046325,-1.4935315602987318,-1.9948892689123903,-0.5012809560829399
0.7904006677796327,3.204841933857501,2.655111124684396,2.995944226371721,-2.2458195498961913,-1.5111466899381423,-1.9666438631121326,-0.5084804721163604
0.7920367278797996,3.2012128373727395,2.652625617552226,2.9927496938409446,-2.190805543672017,-1.5269585829474936,-1.938543698596698,-0.5158511519363195
0.7936727879799665,3.19767251522859,2.650115714614966,2.9896009309954126,-2.137331090690952,-1.5409699904544838,-1.9107138726010944,-0.5233645991373262
0.7953088480801335,3.1942182828135537,2.6475843575782303,2.9864973912241304,-2.0855992473980836,-1.553186219265694,-1.8832822967077756,-0.5309878406164233
0.7969449081803004,3.1908471219844707,2.645034477412151,2.983438317046989,-2.0358143980075507,-1.5636150794319845,-1.8563786569488354,-0.5386832025119331
0.7985809682804674,3.1875556803233978,2.642468990282274,2.9804227381077704,-1.9881804888516363,-1.57226685607873,-1.8301333083979319,-0.546408283708788
0.8002170283806344,3.1843402733684414,2.639890793506781,2.9774494710210107,-1.9428991621716647,-1.5791543053350487,-1.8046761165737506,-0.5541160493100223
0.8018530884808013,3.181196889964187,2.6373027615009073,2.974517121148141,-1.9001678130024886,-1.5842926739707783,-1.7801352601704385,-0.5617550656820625
0.8034891485809682,3.178121200835902,2.6347077416702573,2.971624086352957,-1.860177596171066,-1.5876997421194246,-1.7566360116314423,-0.5692698961985124
0.8051252086811351,3.175108570444961,2.632108550215892,2.968768562757915,-1.8231114133531956,-1.589395888227431,-1.734299513805405,-0.5766016723407811
0.8067612687813022,3.172154072132015,2.629507967815727,2.9659485524918257,-1.789141912477627,-1.5894041751227674,-1.7132415722827803,-0.583688848191774
0.8083973288814691,3.1692525065000954,2.626908735148739,2.96316187338658,-1.7584295334104403,-1.5877504558375504,-1.6935714839327423,-0.5904681375939568
0.810033388981636,3.166398422933557,2.6243135482309867,2.9604061705465803,-1.7311206346897983,-1.5844634975489162,-1.675390922576263,-0.5968756225933775
0.8116694490818029,3.1635861440917767,2.621725053535318,2.9576789296803225,-1.707345736030431,-1.5795751217192109,-1.6587929025921673,-0.6028480098011736
0.8133055091819699,3.160809793160423,2.6191458428700454,2.9549774920500793,-1.6872179103264489,-1.5731203582209545,-1.643860840526361,-0.6083239988123338
0.8149415692821368,3.158063323589368,2.616578447995708,2.952299070863777,-1.67083135693318,-1.565137610924884,-1.6306677334500277,-0.6132457149221229
0.8165776293823038,3.155340550996576,2.614025334963471,2.949640768903996,-1.6582601851224457,-1.5556688319127518,-1.6192754709027621,-0.6175601483313337
0.8182136894824708,3.152635186872975,2.6114888981635707,2.9469995971634013,-1.6495574328392424,-1.5447597011533094,-1.6097342947985878,-0.6212205351101882
0.8198497495826377,3.1499408736858605,2.608971454077688,2.944372494234755,-1.6447543413360024,-1.5324598081542191,-1.6020824187269247,-0.6241876125166131
0.8214858096828046,3.14725122094886,2.60647523473509,2.9417563461876273,-1.6438599010529633,-1.5188228317797496,-1.596345814729142,-0.62643068361079
0.8231218697829715,3.1445598418059952,2.604002380878868,2.939148006653687,-1.6468606784087303,-1.5039067141105629,-1.5925381719754268,-0.627928433740193
0.8247579298831386,3.1418603896664203,2.6015549348555953,2.9365443168383067,-1.6537209271451978,-1.48777382392544,-1.5906610279216897,-0.6286694540486544
0.8263939899833055,3.139146594425506,2.5991348332491944,2.9339421251785076,-1.664382981732095,-1.47049110511449,-1.5907040686174052,-0.6286524437378045
0.8280300500834724,3.1364122978169884,2.5967438992876577,2.9313383063758427,-1.6787679242798723,-1.45213020509923,-1.5926455909912283,-0.6278860819108045
0.8296661101836393,3.133651487459651,2.594383835059493,2.928729779547591,-1.6967765106336294,-1.4327675781483227,-1.5964531162892128,-0.6263885796561284
0.8313021702838063,3.1308583291899015,2.5920562135852445,2.926113525260132,-1.7182903360099702,-1.4124845583503738,-1.6020841404993236,-0.6241869416972874
0.8329382303839732,3.1280271973076337,2.58976247079805,2.923486601233992,-1.7431732158568551,-1.391367396949833,-1.6094870046721867,-0.6213159827305816
0.8345742904841402,3.1251527024058734,2.5875038974958633,2.92084615654007,-1.771272753698875,-1.3695072587813033,-1.6186018656301977,-0.6178171551845166
0.8362103505843071,3.1222297165035475,2.58528163133649,2.9181894441400655,-1.8024220646786926,-1.3470001726639946,-1.6293617457131073,-0.6137372517987646
0.8378464106844741,3.1192533952537356,2.5830966489547986,2.9155138316601397,-1.836441621384361,-1.3239469308534983,-1.641693638982633,-0.6091270479793695
0.839482470784641,3.116219197055533,2.5809497582892416,2.912816810324342,-1.8731411873880761,-1.300452933003219,-1.6555196507218304,-0.6040399457439153
0.8411185308848079,3.113122898954526,2.5788415912118654,2.910096002012315,-1.9123218037040317,-1.2766279705712003,-1.6707581471135557,-0.5985306740701073
0.8427545909849748,3.109960609273352,2.5767725965621575,2.9073491644430978,-1.9537777940550316,-1.2525859482262154,-1.6873248926400815,-0.5926540907218792
0.8443906510851419,3.1067287769684846,2.574743033690124,2.9045741945227075,-1.9972987563435423,-1.2284445395629153,-1.705134153966904,-0.5864641193618421
0.8460267111853088,3.1034241977610413,2.5727529666176556,2.9017691299265547,-2.042671509951165,-1.204324775328788,-1.7240997507946618,-0.5800128441171029
0.8476627712854757,3.1000440171368036,2.5708022589293984,2.8989321490179893,-2.0896819713213457,-1.1803505633908757,-1.7441360363077671,-0.5733497727143697
0.8492988313856427,3.0965857303531132,2.568890569504651,2.8960615692306977,-2.138116933581278,-1.1566481408178089,-1.7651587923311598,-0.5665212695563487
0.8509348914858096,3.093047179627009,2.567017349200194,2.893155844064819,-2.187765729593277,-1.1333454597075876,-1.787086027036715,-0.559570152119742
0.8525709515859766,3.089426548709563,2.565181838590213,2.89021355886421,-2.2384217616568858,-1.1105715097336137,-1.8098386659260424,-0.5525354380073036
0.8542070116861435,3.085722355075674,2.5633830668634583,2.8872334255550323,-2.2898838849809025,-1.0884555817849322,-1.8333411297664337,-0.5454522258644791
0.8558430717863105,3.0819334399764413,2.5616198519694517,2.8842142765337853,-2.3419576358904415,-1.067126478510812,-1.8575217960861825,-0.5383516910041165
0.8574791318864774,3.078058956613026,2.559890802094892,2.881155057896135,-2.39445629942393,-1.0467116790095983,-1.882313343666484,-0.5312611757042212
0.8591151919866443,3.074098356696754,2.558194318538394,2.878054822196577,-2.447201814421655,-1.027336466288044,-1.907652982130883,-0.5242043544434281
0.8607512520868112,3.0700513756607326,2.556528600036537,2.8749127209235383,-2.5000255173419266,-1.0091230274189253,-1.933482571171186,-0.5172014555032999
0.8623873121869783,3.065918016783904,2.5548916485769357,2.871727996865256,-2.552768728813418,-0.9921895374984753,-1.9597486361137397,-0.5102695221072026
0.8640233722871452,3.0616985344799064,2.553281276715086,2.8684999765292747,-2.605283189310385,-0.9766492395088608,-1.986402288385806,-0.5034226983360062
0.8656594323873121,3.057393416990979,2.551695116391203,2.865228062763064,-2.65743135230628,-0.9626095329837558,-2.013399060963721,-0.49667252726409156
0.8672954924874791,3.0530033687121723,2.5501306292217163,2.861911727705799,-2.709086544820189,-0.9501710849204077,-2.040698670058272,-0.4900282509477233
0.868931552587646,3.048529292353886,2.5485851182178356,2.8585505061821865,-2.76013300643244,-0.9394269766480521,-2.0682647151143727,-0.4834971039694506
0.8705676126878129,3.043972271131929,2.547055740861129,2.855143989629025,-2.810465818633137,-0.9304619003261523,-2.0960643296764827,-0.4770845941328266
0.8722036727879799,3.0393335511545283,2.5455395234439773,2.851691820624519,-2.859990736811561,-0.9233514183912439,-2.1240677958118406,-0.4707947655775223
0.8738397328881469,3.0346145241553475,2.544033376561429,2.8481936880696583,-2.9086239373316056,-0.9181612985927132,-2.1522481346108266,-0.4646304410345426
0.8754757929883138,3.029816710701367,2.5425341116211384,2.84464932305088,-2.9562916920089903,-0.9149469362607301,-2.1805806848246516,-0.4585934411688204
0.8771118530884807,3.0249417439845336,2.5410384582199934,2.8410584953940083,-3.002929981950965,-0.91375287415003,-2.2090426809866095,-0.45268477997599255
0.8787479131886476,3.0199913542869683,2.539543082220388,2.837421010901668,-3.0484840621807043,-0.9146124286281809,-2.2376128414307455,-0.4469048360307912
0.8803839732888147,3.014967354191362,2.5380446043462115,2.833736709250205,-3.0929079877857744,-0.9175474291638333,-2.266270975509437,-0.441253500047676
0.8820200333889816,3.0098716245912525,2.5365396191088476,2.8300054625079385,-3.136164111540899,-0.9225680760652382,-2.294997618060148,-0.43573029973131405
0.8836560934891485,3.0047061015402967,2.5350247138671267,2.826227174224492,-3.178222562093711,-0.9296729192759627,-2.3237736978229666,-0.4303345032852608
0.8852921535893155,2.9994727639655308,2.533496487822385,2.8224017790311353,-3.2190607108984635,-0.9388489588120976,-2.3525802451056443,-0.42506520322969654
0.8869282136894824,2.9941736222569344,2.531951570750684,2.8185292426845594,-3.2586626351635424,-0.9500718651857063,-2.3813981425719644,-0.41992138236908894
0.8885642737896493,2.988810707734523,2.530386641278716,2.814609562481316,-3.2970185831658827,-0.9633063159655819,-2.4102079216297687,-0.4149019638620247
0.8902003338898163,2.9833860629844944,2.528798444517995,2.8106427679672246,-3.3341244473975884,-0.9785064425396326,-2.438989605551565,-0.41000584739017576
0.8918363939899833,2.9779017330477258,2.5271838088831946,2.806628921865204,-3.3699812501614694,-0.9956163792201511,-2.4677225992037686,-0.40523193341206926
0.8934724540901502,2.9723597574370344,2.525539661934818,2.802568121146192,-3.404594645433979,-1.0145709051244025,-2.49638562411634,-0.40057913742952905
0.8951085141903171,2.966762162953963,2.5238630451032447,2.79846049817069,-3.4379744400735706,-1.0352961678104016,-2.5249566966135664,-0.3960463960990637
0.896744574290484,2.9611109572713925,2.522151127170229,2.7943062218329504,-3.4701341367753145,-1.057710476484083,-2.5534131458646465,-0.3916326668951084
0.8983806343906511,2.955408123244865,2.520401216404591,2.790105498645561,-3.501090500560989,-1.0817251517413107,-2.5817316680095113,-0.3873369228843948
0.900016694490818,2.9496556139130123,2.518610771270656,2.785858573708917,-3.530863150048533,-1.107245418277135,-2.6098884119754016,-0.38315814400781556
0.9016527545909849,2.9438553481458802,2.5167774096504214,2.7815657315176057,-3.5594741742649942,-1.1341713267856137,-2.6378590922228295,-0.37909530609435843
0.9032888146911519,2.9380092068990034,2.5148989165428888,2.77722729656368,-3.586947775350291,-1.162398691375913,-2.6656191234400275,-0.3751473686568855
0.9049248747913188,2.932119030030848,2.512973250226139,2.7728436337050586,-3.6133099371424833,-1.1918200292248156,-2.6931437721337694,-0.371313262346816
0.9065609348914857,2.926186613641493,2.510998546888895,2.7684151482755057,-3.638588119334574,-1.222325489844356,-2.7204083201282914,-0.36759187677857164
0.9081969949916527,2.920213707891126,2.5089731237583237,2.7639422859206615,-3.662810976644016,-1.2538037622320557,-2.7473882351674708,-0.36398204927853733
0.9098330550918197,2.9142020152580557,2.506895480769109,2.759425532152256,-3.6860081022343136,-1.2861429492513103,-2.774059344100772,-0.36048255497005455
0.9114691151919866,2.908153189197267,2.5047643008353124,2.7548654116197246,-3.7082097944689085,-1.319231399819181,-2.800398004502012,-0.3570920984775618
0.9131051752921535,2.9020688331622044,2.5025784488008402,2.750262487104886,-3.729446845955825,-1.352958490815161,-2.826381271002373,-0.3538093074206337
0.9147412353923204,2.8959504999542243,2.500336969156454,2.7456173582510717,-3.749750353753378,-1.38721535202525,-2.851987053096689,-0.35063272777279947
0.9163772954924874,2.88979969136605,2.5,2.741675808646951,-3.769151549547683,-1.4218955288601496,-2.87719426168642,-0.3475608210805573
0.9180133555926544,2.883617858087572,2.5,2.7378430720142948,-3.7876816485780833,-1.4568955789975333,-2.9019829421374745,-0.344591963474273
0.9196494156928213,2.8774063998443187,2.5,2.7339919679034774,-3.8053717160730236,-1.4921156004627016,-2.926334392141101,-0.3417244463536286
0.9212854757929883,2.8711666657409607,2.5,2.730123332759396,-3.8222525499628994,-1.5274596899514161,-2.950231263158536,-0.33895647859462846
0.9229215358931552,2.8648999547842213,2.5,2.726237971966217,-3.8383545786548434,-1.562836331389828,-2.9736576446941374,-0.33628619010136834
0.9245575959933221,2.8586075165615283,2.5,2.7223366602681476,-3.8537077726846722,-1.5981587158016435,-2.9965991310691216,-0.3337116365121623
0.9261936560934891,2.852290552053627,2.5,2.7184201422732484,-3.8683415691005756,-1.6333449944993736,-3.019042870752119,-0.33123080486461426
0.9278297161936561,2.8459502145612596,2.5,2.714489133027981,-3.882284807479631,-1.6683184684272208,-3.040977598639715,-0.3288416200261779
0.929465776293823,2.8395876107277136,2.5,2.7105443186511824,-3.895565676529957,-1.703007717155175,-3.0623936519675397,-0.3265419517041892
0.9311018363939899,2.83320380164076,2.5,2.7065863570172715,-3.908211670286503,-1.7373466715582542,-3.0832829707697686,-0.32432962186092873
0.9327378964941568,2.826799803999051,2.5,2.7026158784794116,-3.9202495529660877,-1.771274634616577,-3.1036390839932735,-0.3222024123737215
0.9343739565943238,2.82037659132953,2.5,2.6986334866243085,-3.9317053316057513,-1.8047362550484478,-3.1234570825139762,-0.32015807279641895
0.9360100166944908,2.813935095243806,2.5,2.6946397590511597,-3.9426042356672673,-1.8376814586498265,-3.1427335804006398,-0.3181943280958988
0.9376460767946577,2.8074762067227192,2.5,2.690635248168086,-3.952970702848663,-1.8700653422708373,-3.161466665829089,-0.3163088862547762
0.9392821368948246,2.8010007774195156,2.5,2.6866204820001,-3.9628283704003824,-1.9018480353257567,-3.1796558430720245,-0.3144994456487624
0.9409181969949916,2.7945096209731863,2.5,2.6825959650033755,-3.972200071298709,-1.932994533620041,-3.197301966980815,-0.31276370212360377
0.9425542570951585,2.7880035143244886,2.5,2.678562178881183,-3.9811078346820135,-1.9634745100995594,-3.2144071713406808,-0.31109935571196323
0.9441903171953254,2.781483199028148,2.5,2.6745195833974513,-3.989572890005784,-1.9932621068956622,-3.230974792423938,-0.3095041169447754
0.9458263772954925,2.7749493825555613,2.5,2.670468617184448,-3.9976156744203646,-2.02233571276724,-3.247009288992177,-0.3079757127243652
0.9474624373956594,2.768402739583099,2.5,2.6664096985415213,-4.005255842920452,-2.050677729738468,-3.262516159911298,-0.30651189173793647
0.9490984974958263,2.7618439132618224,2.5,2.6623432262223297,-4.012512280857851,-2.078274332408743,-3.27750186044719,-0.30511042939989597
0.9507345575959932,2.755273516465044,2.5,2.6582695802083274,-4.019403118448611,-2.10511522307818,-3.2919737182078475,-0.30376913231992647
0.9523706176961602,2.748692133010754,2.5,2.6541891224666676,-4.025945746942551,-2.1311933854959872,-3.3059398495928565,-0.30248584230083775
0.9540066777963272,2.7421003188564383,2.5,2.650102197690992,-4.0321568361573785,-2.1565048397064754,-3.319409077506035,-0.30125843987609024
0.9556427378964941,2.735498603264277,2.5,2.646009134023852,-4.038052353111243,-2.1810484001439807,-3.3323908509836833,-0.30008484740162206
0.957278797996661,2.728887489935116,2.5,2.6419102437597717,-4.04364758151654,-2.2048254388180455,-3.344895167291112,-0.2989630317203207
0.958914858096828,2.7222674581100006,2.5,2.6378058240282005,-4.04895714192461,-2.2278396551369823,-3.3569324969453116,-0.29789100642028526
0.9605509181969949,2.7156389636383347,2.5,2.633696157455767,-4.0539950123352755,-2.2500968536442327,-3.368513712032679,-0.2968668337100415
0.9621869782971618,2.709002440012063,2.5,2.629581512807479,-4.058774549107527,-2.2716047306890963,-3.3796500181085234,-0.2958886259351986
0.9638230383973289,2.7023582993654838,2.5,2.6254621456066,-4.063308508027856,-2.29237267082269,-3.3903528898898934,-0.29495454676179045
0.9654590984974958,2.695706933440566,2.5,2.621338298733151,-4.067609065411203,-2.312411553501553,-3.400634010885536,-0.2940628120518023
0.9670951585976627,2.6890487145177744,2.5,2.61721020300102,-4.07168783912605,-2.331733570495206,-3.4105052170463295,-0.2932116904562459
0.9687312186978296,2.6823839963126392,2.5,2.613078077713836,-4.075555909450234,-2.350352054229531,-3.419978444466367,-0.29239950375068346
0.9703672787979966,2.675713114838387,2.5,2.6089421311998,-4.079223839677573,-2.3682813171542976,-3.429065681118728,-0.2916246269373736
0.9720033388981636,2.669036389235112,2.5,2.6048025613257693,-4.082701696407493,-2.38553650209942,-3.437778922570425,-0.29088548813729437
0.9736393989983305,2.6623541225660587,2.5,2.6006595559909567,-4.085999069460736,-2.40213344347926,-3.4461301315877755,-0.290180568294227
0.9752754590984974,2.6556666025816438,2.5,2.596513293600619,-4.089125091373879,-2.4180885391162668,-3.4541312015159864,-0.2895084007119096
0.9769115191986644,2.648974102451968,2.5,2.59236394352022,-4.092088456434042,-2.433418632382771,-3.461793923294559,-0.2888675704440283
0.9785475792988313,2.642276881468586,2.5,2.5882116665105235,-4.094897439222809,-2.448140904301674,-3.4691299559527775,-0.2882567135555334
0.9801836393989982,2.635575185716341,2.5,2.5840566151441315,-4.097559912645154,-2.462272775201348,-3.476150800416508,-0.28767451627247626
0.9818196994991653,2.6288692487161516,2.5,2.5798989342040137,-4.100083365425125,-2.475831815486059,-3.4828677764482805,-0.2871197140362787
0.9834557595993322,2.622159292039614,2.5,2.575738761064561,-4.102474919055291,-2.4888356650592094,-3.4892920025367804,-0.2865910904770886
0.9850918196994991,2.6154455258963254,2.5,2.571576226055722,-4.104741344191526,-2.501301960921403,-3.495434378548879,-0.28608747631965203
0.986727879799666,2.608728149694848,2.5,2.5674114528108056,-4.106889076488713,-2.5132482724575103,-3.501305570956856,-0.2856077482339579
0.988363939899833,2.60200735257821,2.5,2.56324455859849,-4.108924231876421,-2.524692043925557,-3.5069160004550928,-0.2851508276417884
0.99,2.5952833139348903,2.5,2.5590756546396323,-4.110852621276552,-2.5356505436642567,-3.51227583178388,-0.28471567948924487
